train_type,weather,track_congestion,departure_delay,distance,speed,signal_delay,maintenance,arrival_delay
Shatabdi,Clear,0.15,0,495,110,2,0,4
Shatabdi,Rainy,0.55,8,495,110,12,0,18
Express,Foggy,0.7,20,300,90,15,0,35
Passenger,Clear,0.25,3,120,60,5,0,10
Rajdhani,Stormy,0.8,30,800,130,25,1,60
Shatabdi,Clear,0.72,31,357,105,23,1,93
Rajdhani,Clear,0.08,27,838,140,19,1,58
Rajdhani,Cloudy,0.45,35,606,125,22,0,65
Passenger,Clear,0.13,12,141,60,19,0,32
Shatabdi,Foggy,0.12,37,460,120,28,0,84
Shatabdi,Cloudy,0.75,10,359,100,12,0,46
Passenger,Rainy,0.24,34,68,70,20,0,72
Rajdhani,Rainy,0.94,81,1170,125,21,0,124
Passenger,Cloudy,0.64,50,167,55,8,1,97
Rajdhani,Stormy,0.41,28,741,140,15,1,100
Rajdhani,Stormy,0.11,48,1079,140,8,0,82
Passenger,Rainy,0.15,55,90,65,0,0,66
Express,Stormy,0.87,111,520,90,26,0,178
Express,Stormy,0.91,118,471,80,19,0,176
Shatabdi,Clear,0.71,104,317,120,24,1,148
Rajdhani,Cloudy,0.89,96,805,130,12,0,119
Rajdhani,Clear,0.27,8,946,120,18,0,36
Shatabdi,Cloudy,0.11,4,384,100,16,0,29
Express,Stormy,0.57,31,442,95,6,1,99
Rajdhani,Foggy,0.83,6,700,120,12,0,60
Express,Cloudy,0.53,17,416,85,8,0,35
Shatabdi,Clear,0.88,108,360,105,13,0,125
Shatabdi,Cloudy,0.39,49,367,115,9,0,64
Express,Cloudy,0.32,7,496,100,1,0,13
Express,Clear,0.91,10,295,80,19,1,77
Express,Stormy,0.59,79,241,95,21,0,138
Express,Rainy,0.26,50,267,90,14,0,77
Rajdhani,Stormy,0.95,12,675,140,6,0,68
Shatabdi,Cloudy,0.38,20,412,120,22,0,53
Passenger,Clear,0.9,17,117,50,28,1,95
Express,Rainy,0.23,81,335,100,15,0,106
Shatabdi,Clear,0.35,16,463,110,5,0,27
Shatabdi,Clear,0.12,113,476,105,17,1,136
Rajdhani,Cloudy,0.09,46,640,130,6,0,49
Rajdhani,Stormy,0.72,118,842,125,25,0,177
Rajdhani,Cloudy,0.29,100,710,135,27,1,143
Rajdhani,Rainy,0.32,101,833,125,0,0,100
Shatabdi,Rainy,0.37,65,402,120,10,0,82
Rajdhani,Rainy,0.71,40,1046,140,16,1,98
Shatabdi,Foggy,0.05,118,437,105,11,0,133
Shatabdi,Rainy,0.51,85,404,110,12,0,108
Rajdhani,Cloudy,0.6,38,1015,140,26,1,95
Passenger,Foggy,0.45,86,104,70,15,0,123
Passenger,Clear,0.79,96,110,60,7,0,115
Express,Foggy,0.49,31,275,80,28,0,93
Rajdhani,Cloudy,0.21,89,1130,135,1,0,77
Passenger,Foggy,0.6,92,179,65,26,0,145
Rajdhani,Foggy,0.28,31,883,140,15,0,63
Passenger,Cloudy,0.29,40,188,50,4,0,52
Express,Clear,0.42,42,477,95,13,1,84
Shatabdi,Stormy,0.39,0,390,110,24,0,69
Express,Foggy,0.25,55,448,80,12,0,88
Express,Foggy,0.88,79,473,80,29,0,143
Rajdhani,Cloudy,0.83,23,651,130,12,0,53
Rajdhani,Rainy,0.73,106,1031,130,26,1,169
Shatabdi,Clear,0.9,25,305,120,4,0,45
Express,Foggy,0.68,98,388,85,19,0,143
Express,Rainy,0.15,3,359,100,21,0,38
Express,Clear,0.68,38,550,100,25,1,97
Passenger,Clear,0.51,43,53,65,26,0,82
Rajdhani,Cloudy,0.44,93,1134,130,19,0,112
Rajdhani,Stormy,0.29,109,851,120,8,0,134
Rajdhani,Rainy,0.08,108,932,125,15,0,121
Passenger,Stormy,0.06,24,71,55,23,0,83
Rajdhani,Foggy,0.45,2,695,130,7,0,35
Passenger,Foggy,0.55,44,158,70,10,0,83
Express,Clear,0.7,40,261,100,30,0,84
Rajdhani,Rainy,0.7,97,1137,140,9,0,118
Passenger,Cloudy,0.32,90,186,55,8,1,117
Express,Foggy,0.14,1,493,90,15,0,40
Shatabdi,Cloudy,0.18,72,377,100,7,1,100
Express,Stormy,0.39,116,426,90,27,0,170
Shatabdi,Stormy,0.91,12,495,105,20,0,88
Express,Stormy,0.12,0,409,95,22,0,58
Passenger,Foggy,0.11,29,117,70,21,0,71
Express,Cloudy,0.87,105,272,80,1,0,112
Passenger,Foggy,0.16,88,127,65,30,0,136
Shatabdi,Foggy,0.71,77,364,100,2,0,109
Shatabdi,Rainy,0.57,97,493,105,15,0,123
Rajdhani,Foggy,0.92,60,956,135,10,0,97
Rajdhani,Foggy,0.31,120,1010,140,1,0,123
Rajdhani,Stormy,0.79,0,1155,135,13,1,86
Rajdhani,Foggy,0.73,26,873,140,4,0,57
Shatabdi,Clear,0.93,77,361,105,9,0,98
Shatabdi,Foggy,0.9,82,339,115,29,0,143
Rajdhani,Foggy,0.27,70,748,135,6,0,87
Shatabdi,Rainy,0.75,109,406,110,29,0,161
Rajdhani,Cloudy,0.45,61,953,130,17,0,73
Express,Cloudy,0.56,29,597,95,1,0,41
Rajdhani,Foggy,0.94,101,755,135,30,1,179
Shatabdi,Foggy,0.14,116,416,100,23,1,163
Rajdhani,Clear,0.82,109,1146,135,30,0,149
Shatabdi,Stormy,0.11,80,475,110,7,0,107
Shatabdi,Foggy,0.2,38,307,100,10,0,65
Express,Cloudy,0.53,72,549,85,5,0,85
Express,Foggy,0.87,18,318,95,20,0,80
Rajdhani,Rainy,0.94,38,1034,130,14,0,76
Rajdhani,Clear,0.26,73,967,140,9,0,75
Shatabdi,Stormy,0.72,106,373,105,19,0,158
Passenger,Cloudy,0.62,115,60,60,25,0,151
Shatabdi,Rainy,0.34,53,344,105,4,0,70
Passenger,Cloudy,0.28,105,173,60,23,0,133
Shatabdi,Cloudy,0.73,28,473,115,30,0,79
Rajdhani,Clear,0.29,15,1065,130,21,0,43
Passenger,Clear,0.66,60,56,70,28,0,101
Shatabdi,Foggy,0.87,38,466,115,3,1,96
Rajdhani,Clear,0.14,113,1150,125,12,0,114
Rajdhani,Stormy,0.72,19,1024,120,26,0,83
Shatabdi,Rainy,0.25,56,360,110,3,0,59
Passenger,Clear,0.41,24,81,65,2,0,37
Shatabdi,Clear,0.76,31,332,120,6,1,71
Express,Cloudy,0.35,18,505,80,8,0,36
Passenger,Cloudy,0.15,110,56,55,0,0,107
Shatabdi,Cloudy,0.29,16,489,115,16,1,56
Passenger,Stormy,0.58,57,178,55,30,0,134
Shatabdi,Clear,0.95,108,402,115,21,1,160
Shatabdi,Rainy,0.6,8,332,110,19,0,55
Passenger,Foggy,0.5,55,75,50,27,0,118
Express,Foggy,0.46,29,411,90,26,0,85
Rajdhani,Rainy,0.65,47,756,135,2,1,80
Passenger,Cloudy,0.55,75,193,70,10,0,91
Rajdhani,Clear,0.92,76,919,130,3,0,83
Express,Clear,0.37,71,388,80,24,0,97
Shatabdi,Stormy,0.89,106,477,110,0,0,142
Passenger,Rainy,0.06,111,86,70,21,0,128
Shatabdi,Clear,0.72,27,396,115,14,0,53
Shatabdi,Clear,0.19,96,458,100,21,1,130
Rajdhani,Foggy,0.3,96,1124,120,11,0,114
Rajdhani,Stormy,0.65,5,825,135,19,1,99
Passenger,Rainy,0.16,63,160,55,4,0,78
Passenger,Clear,0.41,94,60,65,0,0,89
Rajdhani,Stormy,0.41,81,1027,130,3,0,113
Passenger,Clear,0.44,13,112,65,18,0,45
Express,Clear,0.51,14,471,100,6,0,29
Express,Cloudy,0.14,32,301,85,19,0,58
Rajdhani,Foggy,0.73,97,1193,135,21,0,140
Passenger,Rainy,0.19,8,170,65,20,0,44
Shatabdi,Rainy,0.47,4,314,110,26,0,51
Rajdhani,Foggy,0.57,101,642,135,29,0,150
Rajdhani,Stormy,0.19,7,1061,120,25,0,68
Express,Clear,0.27,56,424,100,16,0,64
Rajdhani,Foggy,0.75,86,653,130,2,0,109
Passenger,Stormy,0.84,42,70,70,21,1,136
Shatabdi,Rainy,0.55,82,384,105,21,0,119
Shatabdi,Rainy,0.33,27,387,115,6,0,42
Express,Stormy,0.39,20,292,100,25,0,87
Passenger,Cloudy,0.92,78,122,65,7,0,98
Rajdhani,Cloudy,0.38,73,1051,135,24,0,98
Express,Cloudy,0.77,17,328,80,20,0,64
Shatabdi,Rainy,0.13,20,369,115,28,0,61
Passenger,Cloudy,0.4,10,145,55,0,0,21
Shatabdi,Rainy,0.88,60,478,105,24,0,110
Shatabdi,Clear,0.28,106,338,120,30,0,130
Passenger,Cloudy,0.32,6,111,65,20,0,40
Rajdhani,Stormy,0.53,80,1127,140,7,0,113
Express,Clear,0.52,46,234,100,17,0,70
Rajdhani,Rainy,0.28,2,965,120,11,0,33
Passenger,Cloudy,0.09,69,136,55,26,0,98
Express,Cloudy,0.11,99,434,80,9,0,100
Rajdhani,Stormy,0.48,4,795,130,11,0,53
Rajdhani,Foggy,0.72,114,995,130,5,0,135
Passenger,Clear,0.7,10,160,70,26,0,56
Passenger,Rainy,0.33,77,159,55,22,0,113
Passenger,Stormy,0.95,35,64,50,21,0,109
Express,Clear,0.18,77,547,95,1,1,87
Passenger,Foggy,0.9,4,89,65,30,0,80
Express,Stormy,0.38,40,532,90,7,0,83
Shatabdi,Rainy,0.75,90,414,105,19,0,131
Shatabdi,Cloudy,0.82,57,344,115,2,0,75
Passenger,Rainy,0.82,91,94,60,16,0,127
Passenger,Stormy,0.57,59,191,55,19,0,117
Rajdhani,Stormy,0.42,52,1188,120,4,0,88
Passenger,Cloudy,0.84,99,191,70,5,0,112
Shatabdi,Clear,0.52,38,342,105,10,0,56
Shatabdi,Rainy,0.23,70,370,105,20,0,98
Express,Stormy,0.9,19,287,100,23,0,97
Express,Stormy,0.42,81,215,95,28,0,142
Rajdhani,Rainy,0.46,88,661,125,14,0,109
Express,Rainy,0.83,40,575,90,12,1,98
Passenger,Cloudy,0.47,34,165,55,4,1,70
Rajdhani,Cloudy,0.92,115,763,130,29,0,150
Rajdhani,Stormy,0.47,112,915,135,0,1,151
Express,Cloudy,0.58,6,225,90,15,0,46
Passenger,Stormy,0.06,13,160,55,28,0,75
Shatabdi,Foggy,0.1,71,349,110,17,0,98
Passenger,Stormy,0.66,15,82,50,12,0,73
Rajdhani,Stormy,0.09,4,740,130,25,0,65
Express,Rainy,0.89,40,283,95,19,0,87
Rajdhani,Stormy,0.32,104,617,130,10,0,140
Shatabdi,Stormy,0.48,83,500,120,18,0,127
Rajdhani,Cloudy,0.79,31,632,140,30,0,77
Rajdhani,Cloudy,0.42,26,1020,140,24,0,58
Shatabdi,Cloudy,0.52,71,383,115,16,0,97
Passenger,Stormy,0.37,98,117,70,15,0,140
Express,Rainy,0.74,90,306,95,10,0,121
Passenger,Rainy,0.16,86,189,65,28,0,125
Passenger,Clear,0.36,56,115,65,6,0,69
Passenger,Cloudy,0.15,94,200,55,7,1,121
Express,Clear,0.14,42,567,95,3,0,49
Rajdhani,Foggy,0.64,96,894,130,9,0,123
Shatabdi,Cloudy,0.43,107,345,100,26,0,135
Passenger,Clear,0.06,72,77,60,9,0,78
Express,Stormy,0.47,24,257,90,5,0,71
Shatabdi,Rainy,0.76,72,472,105,5,0,96
Rajdhani,Stormy,0.35,51,697,125,4,0,82
Passenger,Rainy,0.32,92,196,50,8,0,111
Shatabdi,Foggy,0.33,51,475,120,29,0,103
Shatabdi,Rainy,0.38,28,356,105,15,0,63
Rajdhani,Stormy,0.87,96,1150,125,24,0,155
Passenger,Clear,0.88,14,65,70,28,0,68
Passenger,Stormy,0.45,87,102,70,15,1,155
Rajdhani,Cloudy,0.51,58,1177,120,17,0,88
Rajdhani,Rainy,0.78,95,823,140,2,1,127
Shatabdi,Clear,0.94,60,308,110,13,0,83
Rajdhani,Rainy,0.94,48,1059,135,12,1,104
Express,Clear,0.73,38,437,100,13,0,67
Passenger,Cloudy,0.3,119,78,50,25,0,155
Shatabdi,Cloudy,0.24,12,452,100,14,0,37
Shatabdi,Foggy,0.45,69,355,100,4,0,86
Passenger,Stormy,0.59,86,132,55,9,0,132
Express,Foggy,0.55,6,376,95,25,0,69
Passenger,Foggy,0.22,68,171,55,27,0,119
Rajdhani,Clear,0.56,53,1170,140,4,0,57
Shatabdi,Foggy,0.81,11,437,105,1,0,51
Shatabdi,Cloudy,0.77,75,485,120,6,0,93
Shatabdi,Cloudy,0.89,94,330,115,29,0,138
Express,Stormy,0.34,36,394,95,17,0,87
Rajdhani,Foggy,0.14,92,1080,130,29,0,129
Express,Cloudy,0.06,70,499,100,23,0,88
Rajdhani,Stormy,0.8,63,1163,130,8,0,109
Rajdhani,Foggy,0.2,101,960,125,4,0,109
Shatabdi,Stormy,0.08,108,319,100,24,1,167
Shatabdi,Cloudy,0.06,64,416,110,1,0,60
Rajdhani,Foggy,0.06,68,1164,135,0,1,95
Passenger,Clear,0.5,89,160,55,3,0,95
Passenger,Rainy,0.29,50,70,60,30,0,94
Shatabdi,Clear,0.13,48,396,120,15,1,79
Passenger,Stormy,0.93,12,185,50,7,0,72
Shatabdi,Rainy,0.86,72,468,100,5,0,100
Rajdhani,Clear,0.32,72,846,140,26,0,97
Rajdhani,Cloudy,0.76,88,680,140,23,0,115
Shatabdi,Rainy,0.59,78,452,115,24,0,121
Rajdhani,Foggy,0.26,70,984,135,5,0,86
Passenger,Cloudy,0.69,10,118,55,12,0,46
Passenger,Rainy,0.15,0,128,65,11,0,26
Rajdhani,Clear,0.07,45,1167,120,19,0,58
Passenger,Foggy,0.4,10,193,55,18,0,59
Passenger,Rainy,0.29,18,66,55,13,0,47
Passenger,Rainy,0.9,92,176,70,19,0,133
Rajdhani,Rainy,0.81,48,937,135,10,0,83
Express,Rainy,0.34,88,302,95,10,0,104
Rajdhani,Stormy,0.75,41,985,130,26,0,104
Shatabdi,Foggy,0.9,26,412,110,26,0,91
Passenger,Cloudy,0.28,19,158,65,2,0,32
Rajdhani,Stormy,0.08,46,1149,140,20,0,87
Passenger,Cloudy,0.63,5,194,65,30,0,63
Shatabdi,Clear,0.28,65,491,120,17,0,80
Rajdhani,Foggy,0.75,75,1112,125,11,0,110
Shatabdi,Clear,0.8,93,336,110,9,0,111
Passenger,Foggy,0.14,92,165,60,2,0,107
Passenger,Clear,0.66,21,112,70,5,0,41
Rajdhani,Cloudy,0.77,80,788,125,20,0,109
Express,Foggy,0.58,49,202,85,6,0,87
Shatabdi,Stormy,0.22,41,350,115,3,0,75
Passenger,Stormy,0.4,50,200,50,11,0,99
Passenger,Stormy,0.58,86,84,60,3,0,121
Express,Stormy,0.4,76,270,100,12,0,118
Express,Stormy,0.2,36,271,85,10,0,83
Shatabdi,Foggy,0.17,104,398,120,16,0,126
Rajdhani,Foggy,0.2,72,631,125,9,1,110
Rajdhani,Stormy,0.72,98,1107,140,16,1,168
Shatabdi,Foggy,0.54,54,326,105,9,0,83
Shatabdi,Foggy,0.83,15,498,105,6,0,59
Rajdhani,Cloudy,0.6,100,811,125,25,1,148
Express,Rainy,0.93,37,348,100,8,0,74
Shatabdi,Cloudy,0.92,100,405,100,8,0,115
Express,Foggy,0.49,73,523,90,20,0,116
Shatabdi,Foggy,0.51,35,477,110,14,0,81
Rajdhani,Rainy,0.82,101,1147,135,6,0,122
Passenger,Rainy,0.35,73,83,70,27,0,113
Shatabdi,Clear,0.14,100,417,100,3,0,88
Rajdhani,Cloudy,0.95,116,735,130,5,0,127
Express,Clear,0.41,39,571,85,13,0,59
Express,Stormy,0.66,1,204,90,26,1,105
Rajdhani,Clear,0.26,11,704,120,10,0,26
Express,Cloudy,0.11,72,204,100,20,0,89
Express,Foggy,0.6,56,311,80,28,1,138
Rajdhani,Rainy,0.92,40,743,125,8,0,70
Passenger,Clear,0.81,84,127,55,16,0,112
Shatabdi,Cloudy,0.5,14,361,115,20,0,58
Passenger,Rainy,0.17,110,195,65,11,0,120
Shatabdi,Clear,0.58,1,367,105,1,0,20
Passenger,Stormy,0.74,54,152,50,20,0,123
Passenger,Clear,0.51,26,89,70,10,0,53
Shatabdi,Rainy,0.68,93,361,100,7,1,133
Shatabdi,Rainy,0.65,84,489,105,3,1,120
Passenger,Cloudy,0.38,95,118,50,24,0,125
Shatabdi,Rainy,0.69,73,460,100,15,0,105
Express,Rainy,0.19,98,252,100,21,0,119
Shatabdi,Clear,0.27,60,393,115,29,0,93
Rajdhani,Cloudy,0.34,53,927,130,26,1,102
Shatabdi,Cloudy,0.25,66,311,115,2,0,64
Rajdhani,Clear,0.38,37,1177,130,23,0,64
Rajdhani,Cloudy,0.71,69,851,125,0,0,78
Shatabdi,Rainy,0.05,84,396,110,3,0,89
Shatabdi,Cloudy,0.69,11,311,105,28,0,59
Rajdhani,Clear,0.57,64,736,135,2,0,64
Passenger,Foggy,0.68,94,133,60,14,0,132
Shatabdi,Cloudy,0.15,57,419,110,13,1,86
Rajdhani,Rainy,0.47,109,722,120,5,0,114
Shatabdi,Cloudy,0.8,41,337,100,22,0,82
Passenger,Rainy,0.79,22,57,65,27,0,85
Rajdhani,Clear,0.77,17,724,120,1,0,35
Shatabdi,Stormy,0.58,117,319,100,2,0,149
Shatabdi,Rainy,0.16,120,418,100,5,0,120
Rajdhani,Clear,0.39,54,776,130,6,0,57
Express,Clear,0.6,78,325,90,15,0,100
Passenger,Foggy,0.17,25,184,55,20,0,71
Rajdhani,Rainy,0.48,100,1096,130,29,0,137
Shatabdi,Rainy,0.59,3,499,110,1,0,28
Express,Cloudy,0.14,84,323,90,17,0,94
Express,Cloudy,0.26,40,577,90,29,0,80
Express,Stormy,0.9,107,452,100,9,0,154
Rajdhani,Clear,0.35,78,806,125,10,0,89
Shatabdi,Stormy,0.82,9,395,115,18,1,99
Express,Foggy,0.76,62,532,90,5,0,99
Passenger,Cloudy,0.65,104,94,65,9,0,120
Shatabdi,Stormy,0.4,98,445,100,5,0,125
Rajdhani,Cloudy,0.35,9,843,130,10,0,34
Passenger,Foggy,0.06,26,113,50,11,0,57
Express,Foggy,0.49,48,379,100,12,1,104
Express,Cloudy,0.46,102,217,90,0,0,98
Shatabdi,Stormy,0.9,11,386,120,19,0,87
Express,Stormy,0.85,20,227,80,10,0,76
Passenger,Rainy,0.32,12,62,65,18,0,50
Shatabdi,Foggy,0.13,105,469,120,15,0,124
Shatabdi,Rainy,0.76,60,425,110,2,0,79
Rajdhani,Rainy,0.22,5,869,135,14,0,41
Express,Clear,0.13,44,477,95,24,0,71
Rajdhani,Stormy,0.67,119,1086,140,28,0,175
Shatabdi,Stormy,0.56,66,446,120,4,1,124
Express,Cloudy,0.78,16,221,95,2,0,42
Passenger,Rainy,0.87,117,67,50,12,0,151
Rajdhani,Clear,0.76,79,1135,135,3,0,81
Shatabdi,Clear,0.56,12,373,120,28,0,57
Rajdhani,Stormy,0.6,4,776,130,12,1,85
Shatabdi,Foggy,0.85,42,476,105,1,0,73
Rajdhani,Clear,0.93,29,737,130,23,0,74
Rajdhani,Stormy,0.63,24,1052,125,29,0,103
Passenger,Clear,0.51,20,66,60,22,0,61
Rajdhani,Clear,0.88,90,803,130,11,0,108
Shatabdi,Clear,0.27,62,452,115,5,0,63
Passenger,Cloudy,0.8,33,73,60,0,0,50
Express,Cloudy,0.63,86,305,90,20,0,122
Shatabdi,Cloudy,0.28,103,378,110,13,0,114
Express,Foggy,0.32,66,519,95,18,1,123
Passenger,Stormy,0.63,77,122,60,21,1,165
Passenger,Rainy,0.22,66,111,50,25,0,108
Passenger,Cloudy,0.7,83,177,60,8,0,102
Express,Rainy,0.7,28,551,100,20,0,75
Express,Rainy,0.14,16,579,90,23,0,56
Passenger,Clear,0.25,28,128,65,25,0,61
Rajdhani,Clear,0.47,110,1197,140,30,0,136
Shatabdi,Foggy,0.53,52,313,105,4,0,78
Rajdhani,Rainy,0.24,99,772,140,24,0,131
Express,Stormy,0.44,54,406,95,30,0,123
Shatabdi,Cloudy,0.25,112,388,110,4,1,127
Shatabdi,Clear,0.32,37,416,120,19,0,58
Express,Rainy,0.95,62,383,85,5,0,97
Express,Cloudy,0.7,16,308,80,18,0,59
Passenger,Stormy,0.61,76,62,50,20,0,138
Passenger,Foggy,0.68,26,52,60,13,0,77
Express,Foggy,0.8,13,461,100,3,0,56
Express,Rainy,0.8,25,383,95,9,0,64
Rajdhani,Rainy,0.26,1,691,120,26,0,48
Shatabdi,Clear,0.86,82,359,115,9,0,97
Rajdhani,Clear,0.14,97,646,120,27,1,136
Rajdhani,Stormy,0.29,93,695,130,26,0,140
Rajdhani,Rainy,0.8,88,1089,135,20,0,122
Shatabdi,Cloudy,0.14,116,451,115,25,0,132
Passenger,Stormy,0.08,87,83,65,29,0,147
Shatabdi,Rainy,0.64,1,480,120,24,0,57
Passenger,Stormy,0.52,89,74,65,21,0,146
Rajdhani,Cloudy,0.81,71,655,120,20,0,105
Rajdhani,Cloudy,0.12,62,928,125,10,0,64
Rajdhani,Foggy,0.79,10,1070,135,25,0,72
Passenger,Clear,0.93,95,54,50,12,0,117
Passenger,Stormy,0.56,83,166,60,11,0,127
Rajdhani,Rainy,0.69,14,699,125,0,0,37
Shatabdi,Clear,0.86,63,335,115,3,0,74
Rajdhani,Cloudy,0.46,100,795,130,3,0,100
Rajdhani,Foggy,0.64,64,737,135,0,0,87
Express,Stormy,0.21,104,265,80,12,0,140
Rajdhani,Foggy,0.93,117,854,130,12,0,156
Express,Cloudy,0.42,89,583,100,9,0,99
Express,Cloudy,0.24,91,348,90,29,0,126
Passenger,Clear,0.73,71,172,70,18,0,106
Passenger,Foggy,0.78,66,77,50,12,1,133
Express,Rainy,0.67,18,231,90,6,0,52
Express,Stormy,0.76,102,556,90,22,0,166
Passenger,Stormy,0.1,95,114,55,19,0,143
Express,Rainy,0.73,69,578,100,6,0,96
Express,Clear,0.22,22,576,100,3,0,26
Express,Cloudy,0.58,32,202,90,14,0,59
Passenger,Stormy,0.1,119,127,65,25,0,163
Passenger,Stormy,0.25,23,183,50,25,0,89
Shatabdi,Rainy,0.25,27,469,110,10,0,43
Rajdhani,Stormy,0.79,83,609,120,21,0,139
Express,Clear,0.66,41,395,80,12,0,67
Rajdhani,Foggy,0.09,114,797,130,16,1,155
Shatabdi,Cloudy,0.65,99,354,115,26,1,153
Rajdhani,Clear,0.72,19,624,135,22,0,59
Express,Rainy,0.42,57,522,95,13,0,83
Shatabdi,Stormy,0.11,95,449,100,22,0,137
Passenger,Rainy,0.6,36,162,65,12,0,67
Passenger,Cloudy,0.32,113,145,50,17,0,132
Shatabdi,Rainy,0.24,94,485,110,6,0,103
Express,Cloudy,0.25,106,329,85,3,0,104
Shatabdi,Rainy,0.14,92,448,115,30,0,120
Shatabdi,Rainy,0.61,115,349,110,15,0,140
Express,Stormy,0.56,103,361,95,5,1,155
Rajdhani,Rainy,0.81,17,939,135,14,0,60
Shatabdi,Cloudy,0.63,10,371,105,28,0,56
Shatabdi,Stormy,0.57,98,451,105,29,1,181
Express,Rainy,0.4,114,595,100,23,0,140
Shatabdi,Foggy,0.38,1,469,105,27,0,62
Express,Cloudy,0.56,72,537,85,23,0,108
Passenger,Rainy,0.26,85,102,70,29,0,119
Shatabdi,Clear,0.93,41,326,120,20,0,81
Express,Foggy,0.64,46,500,80,16,0,91
Passenger,Foggy,0.76,113,51,70,28,1,190
Express,Cloudy,0.38,91,260,85,13,0,108
Rajdhani,Foggy,0.24,20,1020,120,7,1,67
Shatabdi,Stormy,0.18,21,366,105,16,0,71
Shatabdi,Rainy,0.9,27,414,120,15,0,73
Express,Stormy,0.64,33,285,90,29,0,109
Rajdhani,Cloudy,0.15,25,1135,140,21,0,48
Shatabdi,Stormy,0.5,15,323,115,21,1,104
Rajdhani,Stormy,0.43,111,644,140,13,0,153
Rajdhani,Rainy,0.58,94,1189,120,13,1,137
Shatabdi,Rainy,0.59,69,404,110,6,1,109
Rajdhani,Cloudy,0.67,40,1018,130,3,0,54
Rajdhani,Stormy,0.38,35,1006,125,13,0,82
Rajdhani,Rainy,0.94,73,952,135,23,1,141
Express,Foggy,0.75,20,251,85,16,0,72
Shatabdi,Cloudy,0.4,81,301,100,26,1,136
Shatabdi,Rainy,0.25,10,455,100,23,0,53
Shatabdi,Cloudy,0.63,56,302,105,27,0,99
Shatabdi,Stormy,0.51,89,359,120,5,0,119
Express,Clear,0.95,99,404,90,21,0,134
Shatabdi,Clear,0.54,92,443,120,11,0,104
Express,Foggy,0.89,73,202,90,5,0,110
Rajdhani,Stormy,0.49,31,947,135,21,0,90
Shatabdi,Rainy,0.11,81,356,105,25,0,115
Shatabdi,Rainy,0.27,11,402,110,2,0,26
Express,Stormy,0.29,95,549,85,15,0,135
Passenger,Cloudy,0.26,106,113,70,11,0,117
Shatabdi,Stormy,0.91,108,423,110,19,0,166
Express,Stormy,0.3,28,584,100,4,1,88
Shatabdi,Stormy,0.36,110,475,105,14,0,150
Shatabdi,Clear,0.66,48,448,100,10,0,71
Passenger,Cloudy,0.29,78,137,60,5,0,81
Passenger,Rainy,0.82,35,165,55,18,1,106
Shatabdi,Rainy,0.77,71,410,115,6,1,116
Rajdhani,Cloudy,0.95,108,1129,140,23,0,141
Shatabdi,Foggy,0.14,20,315,105,26,0,70
Passenger,Stormy,0.55,103,115,60,0,0,132
Express,Stormy,0.57,83,475,85,24,0,142
Rajdhani,Clear,0.39,36,1074,125,27,0,72
Rajdhani,Clear,0.12,43,833,130,10,0,50
Rajdhani,Rainy,0.85,99,971,140,16,0,129
Shatabdi,Cloudy,0.7,84,364,100,6,0,102
Shatabdi,Foggy,0.52,10,326,110,19,0,69
Passenger,Cloudy,0.27,36,163,55,4,0,40
Rajdhani,Foggy,0.93,69,878,140,14,1,137
Rajdhani,Stormy,0.44,81,1146,130,29,0,142
Rajdhani,Rainy,0.38,33,759,130,0,1,62
Shatabdi,Foggy,0.9,61,376,100,24,0,119
Shatabdi,Stormy,0.39,52,443,115,12,0,99
Rajdhani,Cloudy,0.29,54,845,140,24,0,82
Passenger,Rainy,0.63,68,118,65,6,0,91
Rajdhani,Stormy,0.46,89,1103,125,10,1,141
Express,Clear,0.3,16,566,95,23,1,66
Rajdhani,Rainy,0.47,101,632,130,2,0,108
Rajdhani,Cloudy,0.22,107,856,135,26,1,140
Shatabdi,Stormy,0.65,26,421,115,21,0,96
Shatabdi,Rainy,0.48,38,350,110,28,1,103
Shatabdi,Cloudy,0.76,74,330,115,25,0,116
Express,Rainy,0.74,31,280,95,2,0,58
Passenger,Cloudy,0.68,101,77,55,15,0,134
Rajdhani,Cloudy,0.07,48,966,125,8,0,52
Passenger,Stormy,0.68,24,195,55,17,0,93
Express,Clear,0.53,57,351,90,17,0,81
Shatabdi,Stormy,0.82,99,458,105,10,0,147
Rajdhani,Cloudy,0.52,63,1164,125,19,0,88
Shatabdi,Stormy,0.64,5,333,105,27,1,100
Shatabdi,Stormy,0.63,49,468,115,16,0,105
Express,Stormy,0.7,1,306,95,29,0,78
Rajdhani,Rainy,0.76,7,872,140,1,0,33
Shatabdi,Cloudy,0.53,24,349,120,21,0,60
Rajdhani,Clear,0.74,73,966,135,22,0,105
Express,Stormy,0.41,43,536,85,17,0,97
Passenger,Stormy,0.94,41,145,65,24,0,122
Express,Stormy,0.54,48,592,100,29,0,117
Rajdhani,Clear,0.7,36,616,140,4,0,46
Express,Cloudy,0.82,2,595,90,29,0,64
Express,Clear,0.08,45,279,85,8,0,51
Passenger,Clear,0.56,72,105,50,23,0,107
Shatabdi,Stormy,0.63,4,487,120,12,1,79
Rajdhani,Clear,0.83,29,611,135,1,0,37
Express,Rainy,0.5,28,278,80,21,0,72
Shatabdi,Cloudy,0.44,100,400,105,4,0,102
Rajdhani,Rainy,0.13,64,1044,125,24,1,114
Express,Stormy,0.6,94,468,85,7,1,156
Shatabdi,Clear,0.65,54,393,110,6,0,68
Passenger,Cloudy,0.94,78,163,70,4,0,102
Passenger,Cloudy,0.73,109,71,50,23,1,162
Shatabdi,Rainy,0.24,68,354,105,17,0,90
Express,Clear,0.39,115,539,100,1,0,105
Passenger,Clear,0.47,120,52,50,12,0,131
Passenger,Foggy,0.26,48,180,50,28,0,107
Express,Cloudy,0.5,58,487,80,1,0,67
Rajdhani,Cloudy,0.07,87,960,130,20,0,97
Passenger,Foggy,0.85,104,57,70,30,0,167
Rajdhani,Stormy,0.91,78,832,135,7,0,122
Passenger,Foggy,0.54,26,85,70,17,0,74
Express,Foggy,0.95,98,274,100,29,0,154
Shatabdi,Cloudy,0.34,112,337,100,24,0,131
Passenger,Cloudy,0.75,13,83,55,0,0,34
Express,Stormy,0.26,87,213,90,2,0,113
Rajdhani,Rainy,0.22,49,1103,135,4,0,55
Shatabdi,Rainy,0.91,28,490,105,24,0,83
Passenger,Foggy,0.85,54,153,50,19,0,111
Shatabdi,Stormy,0.15,58,310,105,16,0,98
Shatabdi,Cloudy,0.31,50,377,110,14,0,68
Shatabdi,Stormy,0.15,99,449,120,4,0,119
Rajdhani,Stormy,0.86,114,806,135,2,0,152
Shatabdi,Clear,0.15,57,462,110,2,0,50
Express,Foggy,0.55,5,593,85,29,0,69
Shatabdi,Foggy,0.33,93,496,115,9,0,110
Passenger,Clear,0.46,109,177,70,25,1,159
Rajdhani,Foggy,0.42,10,606,125,28,0,72
Express,Clear,0.22,7,534,90,1,1,33
Shatabdi,Clear,0.15,22,341,110,19,0,46
Express,Foggy,0.72,46,218,80,24,0,104
Shatabdi,Foggy,0.81,8,374,115,4,1,73
Rajdhani,Stormy,0.24,26,659,120,18,0,76
Passenger,Foggy,0.6,40,116,70,18,0,90
Rajdhani,Stormy,0.71,63,1104,125,28,0,132
Express,Stormy,0.95,52,223,90,11,0,109
Shatabdi,Rainy,0.32,70,382,100,3,0,77
Shatabdi,Cloudy,0.22,106,386,115,29,0,128
Passenger,Foggy,0.76,52,64,70,9,0,96
Shatabdi,Cloudy,0.57,42,390,100,4,0,61
Rajdhani,Cloudy,0.59,110,915,130,22,1,153
Express,Rainy,0.46,38,310,100,9,0,63
Express,Clear,0.45,3,447,100,4,0,19
Express,Clear,0.79,120,464,85,6,0,129
Shatabdi,Clear,0.33,5,475,120,27,1,65
Passenger,Clear,0.57,39,103,60,6,0,56
Rajdhani,Clear,0.3,20,880,120,0,0,22
Passenger,Stormy,0.34,18,122,70,7,0,64
Shatabdi,Foggy,0.86,6,327,115,1,1,64
Rajdhani,Stormy,0.37,42,802,140,2,0,75
Express,Clear,0.78,117,557,95,3,0,125
Rajdhani,Foggy,0.26,28,747,140,8,0,51
Passenger,Rainy,0.46,3,66,65,3,0,27
Passenger,Stormy,0.57,65,76,65,26,0,129
Shatabdi,Rainy,0.53,51,451,115,7,0,82
Rajdhani,Clear,0.36,104,1041,135,18,0,115
Shatabdi,Stormy,0.8,14,451,120,14,0,75
Passenger,Foggy,0.11,13,147,60,15,0,47
Express,Stormy,0.86,81,200,85,21,1,166
Rajdhani,Cloudy,0.24,112,924,130,18,0,123
Rajdhani,Cloudy,0.82,7,978,140,30,1,91
Passenger,Clear,0.83,110,57,55,13,0,133
Rajdhani,Foggy,0.39,69,816,125,15,1,123
Passenger,Foggy,0.19,111,82,55,0,1,140
Express,Clear,0.17,103,412,95,28,0,126
Express,Foggy,0.51,70,430,95,11,0,103
Rajdhani,Cloudy,0.69,34,1020,140,18,0,67
Rajdhani,Clear,0.18,93,1139,130,14,0,97
Express,Foggy,0.62,84,542,80,21,0,133
Shatabdi,Rainy,0.53,1,420,115,16,0,44
Passenger,Rainy,0.31,4,127,70,8,1,51
Shatabdi,Rainy,0.78,79,306,110,15,1,133
Passenger,Rainy,0.17,35,120,60,0,0,53
Express,Foggy,0.38,22,333,85,15,0,65
Shatabdi,Cloudy,0.59,105,339,115,24,0,135
Rajdhani,Cloudy,0.24,93,953,120,20,0,109
Rajdhani,Stormy,0.26,87,999,135,8,1,140
Passenger,Stormy,0.66,5,74,70,20,0,79
Passenger,Rainy,0.29,102,75,60,20,0,130
Express,Stormy,0.74,66,372,85,10,0,122
Shatabdi,Foggy,0.14,13,475,115,11,0,44
Shatabdi,Stormy,0.13,120,452,105,30,0,164
Rajdhani,Stormy,0.77,23,713,125,8,0,76
Rajdhani,Rainy,0.74,88,931,130,5,0,104
Rajdhani,Rainy,0.95,33,871,125,14,1,94
Shatabdi,Cloudy,0.54,55,355,120,20,1,104
Shatabdi,Clear,0.11,93,364,115,0,0,74
Shatabdi,Foggy,0.29,89,384,115,18,1,145
Rajdhani,Foggy,0.41,93,671,140,7,1,130
Passenger,Rainy,0.66,51,64,50,11,0,86
Express,Cloudy,0.55,49,538,85,9,0,75
Passenger,Foggy,0.13,80,162,55,4,1,115
Passenger,Foggy,0.53,106,165,50,1,0,124
Rajdhani,Clear,0.24,83,1135,135,30,0,110
Express,Clear,0.08,18,450,80,15,0,37
Express,Clear,0.21,6,357,80,14,0,29
Express,Clear,0.77,54,372,95,10,1,99
Passenger,Cloudy,0.74,75,94,60,2,1,107
Passenger,Stormy,0.2,31,198,50,4,1,95
Express,Clear,0.84,10,203,80,5,0,38
Passenger,Foggy,0.67,101,171,55,6,1,149
Express,Cloudy,0.6,4,505,85,22,0,50
Shatabdi,Stormy,0.26,15,435,100,19,0,75
Express,Foggy,0.74,84,306,90,1,0,114
Rajdhani,Foggy,0.21,85,644,120,20,0,115
Rajdhani,Clear,0.14,6,1150,125,5,0,15
Express,Foggy,0.58,41,414,85,23,0,91
Passenger,Cloudy,0.14,94,155,55,12,0,99
Shatabdi,Foggy,0.18,118,456,115,5,0,120
Passenger,Rainy,0.23,16,58,70,1,0,29
Rajdhani,Cloudy,0.73,28,902,140,5,0,48
Express,Stormy,0.92,109,317,80,13,0,149
Rajdhani,Foggy,0.3,93,1038,125,7,0,113
Express,Stormy,0.86,53,222,80,15,0,116
Rajdhani,Foggy,0.78,89,700,135,15,0,127
Rajdhani,Cloudy,0.17,37,844,120,0,0,32
Shatabdi,Foggy,0.47,17,480,115,5,0,46
Shatabdi,Clear,0.4,88,385,120,1,0,87
Express,Clear,0.61,42,576,80,16,0,79
Shatabdi,Foggy,0.38,79,310,110,11,0,106
Express,Cloudy,0.93,30,476,80,20,0,82
Express,Cloudy,0.34,114,336,100,21,0,129
Rajdhani,Foggy,0.5,106,725,135,22,0,142
Shatabdi,Cloudy,0.85,58,322,100,12,0,84
Express,Foggy,0.19,26,466,80,9,0,56
Shatabdi,Rainy,0.22,2,359,120,20,0,42
Passenger,Foggy,0.58,89,185,70,14,0,130
Passenger,Cloudy,0.76,29,173,60,9,0,57
Rajdhani,Cloudy,0.61,20,1148,130,5,0,43
Express,Cloudy,0.26,5,362,100,4,0,18
Shatabdi,Rainy,0.93,18,395,115,17,0,67
Shatabdi,Foggy,0.89,98,337,115,29,0,160
Passenger,Foggy,0.86,120,196,55,25,0,179
Shatabdi,Foggy,0.86,17,473,120,3,0,51
Rajdhani,Rainy,0.13,7,799,140,16,0,42
Shatabdi,Clear,0.53,57,473,100,16,0,80
Shatabdi,Rainy,0.41,91,409,110,12,0,108
Rajdhani,Stormy,0.13,93,1054,135,25,0,131
Rajdhani,Foggy,0.18,75,688,125,6,0,91
Shatabdi,Foggy,0.62,34,406,105,17,0,85
Express,Cloudy,0.8,37,483,95,1,0,53
Rajdhani,Stormy,0.72,28,627,120,4,0,73
Passenger,Foggy,0.21,116,112,50,3,0,128
Passenger,Stormy,0.48,55,116,65,22,0,115
Shatabdi,Rainy,0.2,7,337,110,14,0,36
Passenger,Rainy,0.43,116,141,50,9,0,135
Express,Cloudy,0.74,76,585,85,17,0,101
Passenger,Rainy,0.67,88,142,50,17,0,126
Rajdhani,Foggy,0.36,116,766,120,6,0,128
Shatabdi,Foggy,0.46,9,329,105,29,1,89
Express,Foggy,0.85,76,467,90,5,0,107
Express,Cloudy,0.17,10,417,80,2,1,38
Express,Clear,0.08,84,462,100,1,0,75
Express,Cloudy,0.65,3,246,85,27,0,51
Passenger,Cloudy,0.82,99,111,70,18,1,158
Express,Cloudy,0.92,21,586,100,0,0,40
Rajdhani,Rainy,0.68,23,1050,120,5,0,54
Express,Foggy,0.15,40,263,95,3,0,59
Passenger,Stormy,0.7,10,133,65,3,0,59
Rajdhani,Cloudy,0.55,37,1038,125,27,1,100
Passenger,Cloudy,0.06,86,175,50,12,0,97
Express,Foggy,0.41,75,252,85,2,0,93
Rajdhani,Clear,0.26,54,1111,130,24,0,78
Rajdhani,Rainy,0.48,77,1014,135,16,0,104
Passenger,Foggy,0.5,80,84,50,3,0,109
Shatabdi,Cloudy,0.39,86,383,105,9,0,101
Rajdhani,Cloudy,0.31,63,1102,140,8,0,72
Shatabdi,Clear,0.94,112,330,115,14,0,132
Shatabdi,Cloudy,0.55,110,499,110,28,0,142
Rajdhani,Foggy,0.74,72,1102,140,21,0,118
Express,Stormy,0.1,33,453,100,12,0,73
Shatabdi,Cloudy,0.8,44,489,120,0,0,58
Rajdhani,Rainy,0.94,52,959,120,21,0,98
Shatabdi,Clear,0.83,14,386,105,0,0,32
Rajdhani,Rainy,0.07,60,622,130,12,0,72
Rajdhani,Clear,0.67,26,944,135,16,0,55
Passenger,Rainy,0.92,25,177,50,26,0,87
Passenger,Stormy,0.41,28,73,70,3,0,67
Rajdhani,Foggy,0.24,101,678,130,16,0,124
Express,Foggy,0.41,79,463,95,21,0,128
Rajdhani,Cloudy,0.64,105,1078,130,29,0,140
Express,Rainy,0.47,30,277,90,27,0,74
Shatabdi,Cloudy,0.81,34,373,105,8,0,58
Express,Cloudy,0.07,102,358,95,15,0,108
Shatabdi,Cloudy,0.19,17,307,110,25,0,51
Shatabdi,Foggy,0.75,7,321,110,19,0,72
Shatabdi,Foggy,0.9,92,335,105,3,0,121
Passenger,Foggy,0.85,30,81,60,10,0,86
Express,Foggy,0.25,13,289,85,8,0,42
Rajdhani,Stormy,0.39,14,924,140,13,0,65
Express,Rainy,0.48,47,357,80,20,0,90
Shatabdi,Cloudy,0.28,49,379,110,28,0,86
Rajdhani,Rainy,0.32,119,841,130,6,0,119
Passenger,Foggy,0.76,35,70,65,15,0,91
Rajdhani,Clear,0.79,89,867,140,2,0,96
Passenger,Foggy,0.68,97,63,55,20,0,143
Shatabdi,Clear,0.19,66,482,105,27,0,84
Rajdhani,Foggy,0.84,17,866,125,21,0,74
Shatabdi,Foggy,0.38,50,396,120,7,1,96
Shatabdi,Foggy,0.23,89,343,100,12,0,113
Passenger,Cloudy,0.9,15,53,70,13,0,54
Express,Cloudy,0.9,104,600,90,9,0,124
Express,Stormy,0.24,105,344,85,13,0,141
Rajdhani,Clear,0.06,17,931,135,21,0,36
Passenger,Clear,0.14,7,63,60,29,0,46
Shatabdi,Clear,0.28,79,397,110,12,0,83
Passenger,Foggy,0.17,40,185,65,4,0,63
Passenger,Rainy,0.88,36,117,70,26,0,94
Express,Rainy,0.71,62,591,85,17,0,105
Shatabdi,Cloudy,0.18,29,346,100,15,0,51
Rajdhani,Clear,0.45,90,1174,135,14,0,102
Express,Stormy,0.79,72,539,100,6,0,122
Express,Foggy,0.88,31,593,95,21,1,110
Shatabdi,Foggy,0.39,118,327,110,4,1,150
Rajdhani,Foggy,0.62,34,605,130,1,0,63
Express,Cloudy,0.83,102,529,90,10,0,125
Rajdhani,Clear,0.41,22,845,135,2,1,44
Rajdhani,Rainy,0.63,83,757,120,9,0,102
Passenger,Stormy,0.17,85,74,60,16,0,128
Passenger,Stormy,0.59,11,158,60,19,0,78
Passenger,Foggy,0.66,82,89,65,16,0,126
Rajdhani,Clear,0.87,61,907,125,4,0,74
Rajdhani,Rainy,0.56,70,678,120,16,1,119
Passenger,Rainy,0.28,10,178,50,3,0,28
Rajdhani,Clear,0.12,112,904,130,18,0,118
Passenger,Rainy,0.92,111,97,55,5,1,158
Shatabdi,Clear,0.41,1,343,115,14,0,29
Passenger,Foggy,0.77,11,82,55,0,0,52
Express,Clear,0.24,83,274,85,13,0,97
Shatabdi,Rainy,0.74,18,421,115,0,1,61
Shatabdi,Foggy,0.58,25,375,120,26,0,84
Rajdhani,Foggy,0.71,76,1167,130,1,0,97
Rajdhani,Cloudy,0.69,67,619,135,18,0,93
Rajdhani,Stormy,0.9,44,1059,135,0,0,88
Rajdhani,Cloudy,0.51,75,947,140,27,0,108
Passenger,Foggy,0.91,106,142,65,25,0,161
Shatabdi,Foggy,0.17,25,340,120,15,1,77
Shatabdi,Clear,0.37,33,391,105,5,0,38
Express,Clear,0.56,62,332,90,25,0,95
Shatabdi,Clear,0.88,56,417,100,3,0,76
Shatabdi,Stormy,0.09,13,342,100,27,0,73
Rajdhani,Stormy,0.5,111,701,125,20,0,159
Express,Foggy,0.92,98,593,80,7,0,134
Express,Clear,0.29,91,586,95,11,0,92
Rajdhani,Cloudy,0.17,54,1023,135,28,0,82
Express,Clear,0.7,66,235,80,10,0,89
Shatabdi,Stormy,0.93,53,402,120,27,0,129
Rajdhani,Foggy,0.63,113,1157,140,25,0,154
Rajdhani,Cloudy,0.84,10,637,140,10,0,45
Express,Clear,0.51,39,466,90,24,0,75
Passenger,Foggy,0.94,14,65,60,8,0,62
Shatabdi,Foggy,0.32,94,301,115,10,0,119
Express,Rainy,0.32,85,566,100,21,1,132
Shatabdi,Rainy,0.51,24,499,110,14,1,84
Shatabdi,Clear,0.11,113,333,115,6,0,102
Rajdhani,Rainy,0.58,81,1033,135,22,0,113
Express,Cloudy,0.51,62,564,95,4,0,73
Express,Foggy,0.48,95,280,100,11,0,120
Passenger,Clear,0.52,15,145,60,11,0,39
Express,Stormy,0.43,119,356,90,6,0,149
Shatabdi,Foggy,0.48,39,444,115,28,0,90
Express,Cloudy,0.5,58,589,95,21,0,92
Rajdhani,Foggy,0.26,50,947,140,1,0,69
Shatabdi,Stormy,0.62,98,481,110,17,0,148
Shatabdi,Stormy,0.52,96,421,120,28,1,177
Shatabdi,Rainy,0.76,31,480,120,14,1,89
Shatabdi,Foggy,0.83,2,387,115,5,0,49
Passenger,Clear,0.15,12,188,55,9,1,43
Passenger,Foggy,0.66,7,133,55,0,0,39
Express,Foggy,0.85,33,392,80,1,0,73
Rajdhani,Stormy,0.73,49,717,130,1,0,87
Shatabdi,Foggy,0.62,116,304,110,17,0,152
Express,Rainy,0.56,57,242,100,6,0,75
Express,Cloudy,0.53,54,484,95,1,1,82
Passenger,Cloudy,0.05,119,173,60,19,0,133
Passenger,Clear,0.2,68,194,50,9,1,104
Passenger,Foggy,0.24,64,131,60,20,0,108
Express,Rainy,0.36,58,506,90,0,0,69
Rajdhani,Foggy,0.53,100,679,140,0,0,114
Shatabdi,Rainy,0.92,48,453,110,12,0,91
Shatabdi,Clear,0.47,119,349,115,0,0,107
Passenger,Cloudy,0.13,78,127,55,7,0,84
Express,Clear,0.23,105,526,95,3,0,99
Express,Stormy,0.65,77,489,85,2,0,116
Express,Stormy,0.71,35,298,80,22,0,107
Rajdhani,Clear,0.89,82,653,130,13,0,103
Rajdhani,Foggy,0.38,97,644,125,1,0,107
Shatabdi,Foggy,0.23,10,446,100,23,0,63
Passenger,Rainy,0.11,80,74,50,15,0,100
Passenger,Clear,0.79,66,110,50,24,0,108
Rajdhani,Stormy,0.16,7,634,135,10,0,57
Shatabdi,Foggy,0.1,78,460,115,2,1,110
Rajdhani,Cloudy,0.83,100,610,135,12,0,118
Shatabdi,Rainy,0.64,86,500,100,14,0,115
Shatabdi,Stormy,0.69,75,349,120,4,0,111
Rajdhani,Cloudy,0.27,102,645,120,4,0,90
Passenger,Rainy,0.58,69,87,55,15,0,103
Shatabdi,Stormy,0.58,86,337,100,7,0,125
Express,Cloudy,0.76,43,296,95,22,0,84
Passenger,Stormy,0.32,42,91,50,14,0,99
Shatabdi,Cloudy,0.67,59,459,105,7,0,84
Rajdhani,Cloudy,0.41,105,606,130,0,1,117
Passenger,Clear,0.93,25,100,60,5,0,52
Express,Cloudy,0.23,22,334,80,0,0,23
Shatabdi,Rainy,0.89,39,416,105,11,0,75
Passenger,Rainy,0.59,81,112,50,24,0,123
Express,Rainy,0.27,80,343,85,27,0,118
Shatabdi,Foggy,0.76,78,316,105,16,0,120
Express,Rainy,0.69,67,555,95,22,0,110
Shatabdi,Cloudy,0.25,25,415,105,12,0,43
Express,Rainy,0.28,10,268,80,9,0,34
Rajdhani,Stormy,0.61,54,1061,135,13,0,105
Rajdhani,Clear,0.21,29,871,120,11,0,38
Shatabdi,Rainy,0.88,12,330,100,11,1,73
Passenger,Rainy,0.32,104,120,55,22,0,139
Passenger,Clear,0.74,36,138,65,30,0,89
Rajdhani,Stormy,0.94,19,1007,125,7,0,73
Rajdhani,Foggy,0.36,10,920,125,13,0,52
Rajdhani,Stormy,0.08,17,1191,125,9,0,56
Rajdhani,Foggy,0.67,51,1150,130,10,0,86
Express,Cloudy,0.93,42,490,100,29,0,93
Rajdhani,Cloudy,0.48,42,1183,135,20,0,70
Rajdhani,Clear,0.22,8,995,130,6,0,20
Shatabdi,Rainy,0.52,21,383,115,12,0,48
Rajdhani,Clear,0.4,115,811,125,27,0,135
Rajdhani,Cloudy,0.59,120,917,140,6,0,123
Shatabdi,Cloudy,0.45,105,402,120,25,0,128
Rajdhani,Foggy,0.47,5,693,130,20,0,57
Passenger,Foggy,0.6,103,94,65,7,0,133
Rajdhani,Cloudy,0.68,12,1002,120,7,0,39
Shatabdi,Cloudy,0.87,52,495,120,3,0,72
Rajdhani,Cloudy,0.28,64,645,135,0,1,84
Rajdhani,Rainy,0.72,109,799,135,1,1,134
Rajdhani,Foggy,0.11,70,848,135,4,0,79
Shatabdi,Stormy,0.14,37,331,120,23,0,91
Passenger,Cloudy,0.25,4,186,55,14,0,32
Shatabdi,Foggy,0.67,56,313,120,0,1,99
Express,Rainy,0.87,25,246,80,13,1,91
Shatabdi,Cloudy,0.7,5,406,120,3,0,26
Express,Stormy,0.41,54,261,85,6,1,112
Passenger,Stormy,0.38,8,105,65,9,0,57
Express,Rainy,0.91,76,366,95,21,0,124
Express,Rainy,0.93,85,446,80,10,1,142
Express,Stormy,0.58,1,319,80,19,0,66
Rajdhani,Cloudy,0.61,7,740,130,15,0,40
Shatabdi,Cloudy,0.88,76,413,110,4,0,95
Rajdhani,Rainy,0.73,29,939,130,7,0,59
Rajdhani,Stormy,0.34,56,606,120,27,0,113
Express,Cloudy,0.51,54,571,95,9,0,69
Express,Rainy,0.31,57,525,85,8,0,74
Passenger,Foggy,0.39,60,162,65,16,0,100
Rajdhani,Clear,0.74,54,685,130,19,0,84
Rajdhani,Foggy,0.33,36,984,140,19,0,72
Express,Cloudy,0.87,0,206,100,23,0,52
Rajdhani,Rainy,0.4,39,672,135,28,1,106
Express,Cloudy,0.74,32,594,90,16,0,69
Shatabdi,Foggy,0.88,94,363,105,15,1,161
Shatabdi,Cloudy,0.29,58,474,105,8,0,69
Express,Clear,0.16,11,529,95,12,0,25
Passenger,Stormy,0.92,84,147,70,9,0,139
Express,Rainy,0.72,119,583,95,22,0,157
Passenger,Foggy,0.2,47,97,55,6,0,74
Express,Cloudy,0.23,95,293,85,8,0,103
Shatabdi,Cloudy,0.12,10,396,100,8,1,44
Shatabdi,Clear,0.29,0,470,120,25,0,33
Shatabdi,Foggy,0.59,97,368,115,15,0,132
Passenger,Rainy,0.79,120,142,65,12,0,152
Express,Clear,0.59,111,471,90,30,0,148
Rajdhani,Stormy,0.42,24,603,130,0,0,61
Express,Stormy,0.49,94,513,80,11,0,135
Express,Stormy,0.84,100,566,100,1,1,158
Rajdhani,Cloudy,0.86,14,1093,140,7,0,46
Shatabdi,Cloudy,0.89,41,398,110,7,0,69
Rajdhani,Clear,0.77,42,829,140,24,0,75
Rajdhani,Stormy,0.92,55,838,125,8,1,127
Passenger,Cloudy,0.82,48,197,50,9,1,100
Rajdhani,Rainy,0.74,102,729,140,21,0,133
Rajdhani,Rainy,0.18,120,903,125,15,0,128
Shatabdi,Stormy,0.34,64,476,100,8,0,104
Express,Foggy,0.31,48,230,90,4,0,66
Express,Clear,0.88,99,291,95,23,0,134
Rajdhani,Rainy,0.73,50,673,140,23,0,95
Rajdhani,Clear,0.17,96,1194,120,27,0,112
Express,Foggy,0.68,37,274,85,6,0,70
Passenger,Stormy,0.14,100,87,65,30,0,158
Shatabdi,Clear,0.37,60,345,100,3,0,65
Express,Foggy,0.27,15,323,95,15,0,56
Rajdhani,Clear,0.75,110,991,130,20,0,131
Shatabdi,Clear,0.49,85,430,105,0,0,88
Shatabdi,Stormy,0.21,61,465,115,9,0,96
Rajdhani,Clear,0.52,74,1151,120,24,0,98
Express,Clear,0.55,102,360,80,1,1,121
Passenger,Clear,0.13,15,179,60,11,0,30
Shatabdi,Stormy,0.86,37,468,120,14,1,117
Passenger,Stormy,0.53,26,75,50,7,1,96
Express,Stormy,0.37,16,573,100,13,1,85
Express,Foggy,0.46,120,330,95,30,0,167
Passenger,Cloudy,0.69,72,180,70,5,0,89
Express,Clear,0.29,68,256,100,13,1,101
Passenger,Rainy,0.18,102,107,60,0,1,120
Passenger,Stormy,0.79,62,74,70,11,0,122
Shatabdi,Clear,0.2,96,399,105,11,0,103
Rajdhani,Foggy,0.58,33,609,140,22,0,79
Passenger,Clear,0.88,81,144,55,21,0,121
Passenger,Foggy,0.5,35,159,70,30,0,101
Shatabdi,Rainy,0.42,40,323,100,2,0,56
Shatabdi,Foggy,0.66,119,487,105,15,0,155
Shatabdi,Foggy,0.06,24,490,100,22,0,66
Shatabdi,Stormy,0.45,21,472,120,28,0,91
Rajdhani,Foggy,0.39,47,715,130,29,0,101
Rajdhani,Rainy,0.29,0,1182,135,6,0,25
Rajdhani,Stormy,0.81,7,964,120,19,0,78
Passenger,Cloudy,0.41,1,75,65,15,0,34
Rajdhani,Clear,0.87,0,759,130,7,0,29
Express,Stormy,0.78,13,424,95,5,1,84
Express,Foggy,0.43,42,216,85,21,0,90
Passenger,Clear,0.43,70,176,55,10,0,88
Rajdhani,Cloudy,0.15,13,621,125,4,0,22
Shatabdi,Foggy,0.48,36,424,100,24,0,91
Express,Cloudy,0.3,14,334,85,21,0,42
Shatabdi,Stormy,0.6,24,451,105,7,1,92
Express,Cloudy,0.43,78,302,80,27,1,133
Express,Cloudy,0.35,61,231,100,13,0,77
Passenger,Rainy,0.69,31,131,50,5,1,81
Shatabdi,Foggy,0.22,62,393,110,9,1,108
Express,Rainy,0.37,103,385,100,16,0,123
Rajdhani,Clear,0.85,16,723,120,18,0,51
Shatabdi,Clear,0.9,79,387,110,23,0,118
Express,Clear,0.17,53,481,90,28,0,82
Rajdhani,Clear,0.48,67,1115,120,5,0,73
Shatabdi,Stormy,0.1,88,348,115,15,0,116
Rajdhani,Stormy,0.75,51,878,125,5,1,116
Shatabdi,Stormy,0.46,90,484,120,8,0,120
Shatabdi,Cloudy,0.25,68,360,110,1,0,69
Express,Rainy,0.84,6,528,85,26,0,62
Passenger,Rainy,0.12,90,190,60,23,1,143
Shatabdi,Clear,0.79,28,487,110,5,0,49
Rajdhani,Rainy,0.83,81,1164,125,26,0,126
Rajdhani,Cloudy,0.45,93,1044,130,4,0,92
Express,Cloudy,0.22,62,573,85,20,0,77
Rajdhani,Stormy,0.22,18,673,135,7,0,56
Express,Clear,0.59,48,396,80,3,0,64
Shatabdi,Cloudy,0.27,10,368,105,30,0,56
Shatabdi,Cloudy,0.18,97,444,115,26,0,118
Shatabdi,Stormy,0.67,80,439,100,0,0,111
Rajdhani,Cloudy,0.05,28,624,125,13,0,39
Rajdhani,Clear,0.49,14,829,120,30,0,58
Shatabdi,Rainy,0.88,117,321,100,19,0,153
Express,Foggy,0.19,85,551,90,19,0,117
Rajdhani,Rainy,0.89,103,678,120,27,0,144
Passenger,Cloudy,0.4,92,172,50,3,0,102
Shatabdi,Rainy,0.95,23,496,115,11,0,63
Rajdhani,Stormy,0.76,42,741,125,12,0,96
Express,Foggy,0.13,91,415,100,18,0,121
Shatabdi,Cloudy,0.38,26,304,110,17,0,56
Express,Rainy,0.46,106,482,95,7,0,114
Shatabdi,Cloudy,0.39,3,478,115,11,1,44
Rajdhani,Stormy,0.83,3,750,130,4,1,73
Rajdhani,Cloudy,0.74,60,743,140,22,0,93
Rajdhani,Clear,0.31,19,661,120,19,0,44
Rajdhani,Foggy,0.55,106,864,140,16,0,135
Rajdhani,Cloudy,0.72,51,657,125,12,0,78
Shatabdi,Foggy,0.48,83,464,115,26,0,126
Rajdhani,Cloudy,0.29,13,679,130,19,0,43
Express,Stormy,0.15,27,505,80,24,0,84
Shatabdi,Cloudy,0.29,72,444,100,18,0,92
Shatabdi,Rainy,0.06,45,492,110,30,0,77
Passenger,Cloudy,0.68,12,134,65,28,0,59
Rajdhani,Foggy,0.58,109,638,130,5,0,125
Shatabdi,Cloudy,0.85,103,474,105,24,0,140
Rajdhani,Cloudy,0.36,46,1041,120,28,0,83
Shatabdi,Cloudy,0.56,63,324,100,4,0,67
Shatabdi,Foggy,0.13,40,343,110,5,1,80
Shatabdi,Cloudy,0.69,58,366,115,8,0,73
Shatabdi,Stormy,0.49,46,373,115,13,0,90
Passenger,Rainy,0.13,52,179,65,8,0,75
Shatabdi,Cloudy,0.82,37,396,105,18,0,71
Rajdhani,Clear,0.36,59,1147,135,3,1,76
Passenger,Rainy,0.95,62,104,65,3,0,92
Passenger,Stormy,0.08,76,147,50,29,0,134
Shatabdi,Foggy,0.29,81,345,100,4,1,117
Rajdhani,Foggy,0.52,85,865,125,26,1,155
Passenger,Cloudy,0.23,120,157,65,15,0,128
Rajdhani,Clear,0.55,114,803,120,23,0,136
Passenger,Clear,0.19,58,87,65,27,0,94
Passenger,Stormy,0.7,57,82,65,20,0,120
Express,Foggy,0.68,99,285,100,12,0,131
Shatabdi,Rainy,0.78,2,377,110,16,0,47
Rajdhani,Foggy,0.42,45,1155,135,16,0,81
Express,Stormy,0.44,36,537,95,20,0,103
Shatabdi,Clear,0.78,13,322,100,19,0,55
Rajdhani,Stormy,0.57,4,896,135,6,0,54
Express,Foggy,0.91,44,437,95,29,0,117
Shatabdi,Rainy,0.75,64,372,110,28,0,115
Passenger,Rainy,0.2,73,160,55,17,0,97
Shatabdi,Stormy,0.44,120,462,115,23,0,172
Rajdhani,Cloudy,0.14,102,729,140,3,0,93
Express,Rainy,0.23,11,213,95,0,0,26
Shatabdi,Stormy,0.39,95,487,105,14,0,138
Express,Rainy,0.22,107,325,95,24,0,132
Passenger,Cloudy,0.13,63,142,55,12,1,100
Rajdhani,Clear,0.24,53,984,130,20,0,73
Shatabdi,Cloudy,0.64,80,455,100,3,0,91
Express,Stormy,0.72,118,262,85,19,1,187
Express,Cloudy,0.83,14,311,80,10,1,65
Express,Clear,0.36,70,533,90,14,0,85
Rajdhani,Cloudy,0.28,25,887,135,3,0,32
Express,Foggy,0.44,57,416,100,23,0,103
Rajdhani,Foggy,0.23,45,982,120,14,0,71
Rajdhani,Rainy,0.59,112,1143,130,12,1,148
Express,Rainy,0.27,27,536,90,11,1,76
Express,Foggy,0.56,41,319,100,2,0,69
Shatabdi,Stormy,0.3,77,471,100,18,0,122
Passenger,Rainy,0.23,6,176,65,1,0,22
Express,Stormy,0.34,49,321,100,0,0,84
Shatabdi,Foggy,0.31,107,403,100,28,0,150
Shatabdi,Clear,0.47,106,406,110,8,0,109
Passenger,Foggy,0.6,50,126,65,15,0,94
Shatabdi,Cloudy,0.09,1,335,100,10,0,20
Shatabdi,Cloudy,0.7,103,394,120,0,0,108
Shatabdi,Clear,0.09,38,319,110,10,0,47
Express,Cloudy,0.58,15,264,90,27,1,86
Rajdhani,Foggy,0.65,66,1140,125,18,0,108
Rajdhani,Cloudy,0.13,98,903,120,11,0,105
Express,Clear,0.12,63,230,85,0,0,57
Rajdhani,Clear,0.36,104,1140,140,27,0,130
Shatabdi,Cloudy,0.25,46,398,115,27,0,76
Shatabdi,Rainy,0.43,87,378,120,20,1,135
Shatabdi,Cloudy,0.06,58,347,110,0,0,52
Shatabdi,Stormy,0.13,55,354,105,12,0,93
Passenger,Rainy,0.14,83,147,65,6,0,93
Rajdhani,Stormy,0.44,87,651,125,30,1,168
Shatabdi,Rainy,0.25,79,479,115,12,0,97
Express,Cloudy,0.36,36,561,100,9,0,48
Rajdhani,Rainy,0.82,88,844,125,10,0,111
Rajdhani,Cloudy,0.92,85,1085,135,10,1,119
Shatabdi,Stormy,0.37,60,449,100,15,0,107
Shatabdi,Stormy,0.66,37,358,120,16,0,90
Rajdhani,Foggy,0.71,69,863,135,8,0,96
Passenger,Stormy,0.75,109,173,50,8,0,156
Rajdhani,Clear,0.27,94,1041,130,6,0,96
Rajdhani,Stormy,0.21,116,957,130,12,0,147
Express,Clear,0.57,89,375,100,3,0,85
Passenger,Rainy,0.15,1,177,55,14,0,32
Express,Rainy,0.49,8,350,80,14,1,63
Shatabdi,Foggy,0.33,55,390,100,1,0,72
Express,Clear,0.69,18,575,85,13,0,46
Rajdhani,Rainy,0.27,86,995,135,12,0,97
Passenger,Stormy,0.33,72,161,60,25,0,134
Express,Foggy,0.55,38,356,80,9,0,77
Rajdhani,Foggy,0.14,67,1052,130,16,0,96
Rajdhani,Foggy,0.43,52,1072,120,29,0,109
Express,Stormy,0.87,100,324,100,16,0,161
Passenger,Clear,0.73,50,82,65,21,1,108
Shatabdi,Rainy,0.8,83,327,110,19,1,139
Passenger,Clear,0.16,74,180,50,22,0,97
Express,Rainy,0.62,92,203,95,19,0,127
Shatabdi,Cloudy,0.23,60,306,120,14,0,77
Rajdhani,Cloudy,0.79,107,1159,130,26,0,140
Shatabdi,Foggy,0.18,2,347,105,26,0,53
Express,Foggy,0.48,37,541,80,30,0,98
Rajdhani,Clear,0.47,104,1035,125,0,0,93
Passenger,Clear,0.63,114,163,50,29,0,156
Rajdhani,Rainy,0.06,20,966,140,27,0,56
Express,Cloudy,0.37,92,488,90,14,0,109
Passenger,Foggy,0.11,107,173,65,30,0,152
Passenger,Cloudy,0.68,75,198,60,18,0,108
Express,Cloudy,0.14,13,455,95,10,0,31
Express,Foggy,0.73,53,232,80,19,0,105
Shatabdi,Cloudy,0.34,89,415,115,4,0,90
Passenger,Foggy,0.44,36,107,55,23,0,87
Shatabdi,Cloudy,0.08,17,301,110,24,0,47
Express,Stormy,0.5,106,306,100,26,0,161
Express,Clear,0.44,80,392,80,18,1,124
Shatabdi,Foggy,0.26,76,438,110,0,0,83
Shatabdi,Cloudy,0.92,9,436,120,7,0,46
Rajdhani,Stormy,0.1,89,713,140,15,0,117
Express,Rainy,0.85,7,271,85,17,0,54
Shatabdi,Cloudy,0.49,103,444,120,22,0,129
Shatabdi,Foggy,0.59,78,320,120,15,0,113
Shatabdi,Foggy,0.51,83,389,115,15,0,124
Rajdhani,Clear,0.55,6,996,135,22,1,68
Shatabdi,Foggy,0.16,78,394,110,6,0,96
Shatabdi,Stormy,0.06,52,491,120,18,1,113
Shatabdi,Cloudy,0.44,36,311,110,11,0,53
Shatabdi,Clear,0.12,120,439,105,15,0,125
Passenger,Rainy,0.75,37,112,70,28,0,98
Shatabdi,Rainy,0.86,90,459,115,8,1,135
Express,Clear,0.39,104,272,80,7,0,109
Shatabdi,Clear,0.5,4,369,110,18,0,35
Rajdhani,Clear,0.83,49,1054,120,7,0,65
Shatabdi,Rainy,0.08,97,389,100,29,0,130
Passenger,Stormy,0.44,54,64,50,17,0,115
Rajdhani,Foggy,0.57,72,1131,130,5,0,92
Passenger,Clear,0.95,98,188,60,10,0,119
Passenger,Rainy,0.75,103,53,50,9,0,130
Express,Foggy,0.47,56,204,95,1,0,77
Express,Foggy,0.1,120,240,90,28,0,155
Express,Rainy,0.74,35,332,95,4,0,64
Shatabdi,Cloudy,0.67,110,412,120,10,1,143
Passenger,Rainy,0.06,108,140,70,22,1,150
Rajdhani,Clear,0.51,30,808,130,18,0,59
Rajdhani,Rainy,0.18,41,968,130,13,0,60
Express,Stormy,0.07,77,308,90,16,0,122
Passenger,Cloudy,0.39,74,58,55,12,0,96
Shatabdi,Stormy,0.77,77,420,120,16,0,124
Passenger,Cloudy,0.35,102,142,55,14,0,112
Rajdhani,Rainy,0.12,71,1117,120,29,0,105
Rajdhani,Cloudy,0.56,105,728,140,7,0,109
Express,Stormy,0.28,36,374,90,3,1,92
Express,Cloudy,0.84,1,285,80,13,0,44
Shatabdi,Cloudy,0.83,106,410,100,22,0,135
Rajdhani,Foggy,0.37,51,1170,125,22,0,89
Passenger,Stormy,0.6,13,61,50,23,0,86
Rajdhani,Rainy,0.73,89,737,125,23,0,129
Rajdhani,Foggy,0.34,22,1120,140,8,0,47
Passenger,Clear,0.56,114,184,70,16,0,132
Passenger,Cloudy,0.91,5,103,65,16,0,52
Passenger,Rainy,0.2,36,120,65,14,0,62
Shatabdi,Cloudy,0.65,18,324,105,17,0,54
Shatabdi,Foggy,0.8,3,394,105,9,0,53
Express,Foggy,0.32,14,566,80,14,0,55
Express,Rainy,0.71,14,381,80,23,0,69
Passenger,Rainy,0.46,94,181,50,22,0,132
Shatabdi,Clear,0.27,75,396,105,21,0,94
Express,Foggy,0.3,25,525,80,30,0,85
Rajdhani,Clear,0.49,78,813,125,1,0,74
Express,Rainy,0.49,84,292,90,26,0,123
Rajdhani,Stormy,0.37,61,902,120,7,1,114
Shatabdi,Cloudy,0.47,40,469,100,11,0,66
Rajdhani,Foggy,0.59,87,840,120,9,0,113
Passenger,Rainy,0.66,52,150,65,13,0,92
Express,Rainy,0.62,5,357,95,13,0,50
Shatabdi,Stormy,0.6,16,454,120,0,0,52
Passenger,Rainy,0.74,70,66,50,16,0,114
Express,Rainy,0.77,116,391,90,13,0,142
Express,Rainy,0.32,29,523,85,1,0,45
Passenger,Clear,0.12,64,156,50,0,0,64
Shatabdi,Stormy,0.76,24,455,110,25,0,97
Passenger,Foggy,0.23,33,197,65,12,0,69
Express,Foggy,0.07,63,572,95,30,0,109
Express,Stormy,0.93,50,594,85,14,0,114
Passenger,Cloudy,0.78,10,74,70,5,0,43
Shatabdi,Cloudy,0.41,107,421,120,23,0,130
Rajdhani,Rainy,0.42,94,945,125,1,0,99
Shatabdi,Rainy,0.67,96,443,115,17,0,129
Rajdhani,Foggy,0.51,109,683,120,13,0,133
Express,Stormy,0.72,21,301,95,27,0,94
Express,Stormy,0.49,95,480,95,12,1,155
Passenger,Stormy,0.64,18,124,70,21,0,91
Passenger,Foggy,0.47,119,134,55,5,0,140
Shatabdi,Clear,0.33,24,351,100,17,0,42
Express,Clear,0.37,71,315,90,20,1,111
Rajdhani,Stormy,0.71,47,1012,130,17,0,105
Express,Clear,0.71,35,291,90,18,1,93
Rajdhani,Rainy,0.57,109,883,140,21,0,135
Express,Cloudy,0.2,111,200,90,2,0,100
Rajdhani,Foggy,0.65,41,909,140,24,1,113
Rajdhani,Foggy,0.37,107,1134,130,16,1,154
Express,Rainy,0.69,107,423,100,14,0,139
Rajdhani,Rainy,0.21,110,974,135,24,0,135
Express,Foggy,0.39,119,582,80,6,0,137
Passenger,Rainy,0.13,47,114,70,29,1,107
Rajdhani,Foggy,0.09,89,859,130,20,1,136
Rajdhani,Stormy,0.62,62,777,135,23,0,128
Shatabdi,Rainy,0.08,114,482,105,22,0,136
Rajdhani,Clear,0.1,81,663,130,3,0,63
Shatabdi,Rainy,0.8,108,381,105,28,0,156
Shatabdi,Foggy,0.42,85,471,100,2,0,104
Passenger,Clear,0.21,5,120,70,6,0,15
Shatabdi,Rainy,0.3,44,330,110,14,0,72
Rajdhani,Clear,0.15,11,786,120,5,0,20
Express,Clear,0.25,47,435,80,28,0,73
Express,Cloudy,0.33,48,561,90,5,0,59
Express,Rainy,0.85,22,351,90,22,0,73
Passenger,Rainy,0.75,66,165,55,1,0,90
Express,Foggy,0.36,103,549,90,6,0,123
Express,Rainy,0.25,33,216,80,16,0,63
Passenger,Rainy,0.56,84,200,50,10,0,116
Shatabdi,Cloudy,0.43,42,386,100,5,0,53
Express,Clear,0.45,78,433,100,18,0,100
Express,Rainy,0.7,76,372,95,21,0,116
Rajdhani,Stormy,0.08,65,770,130,28,0,119
Express,Cloudy,0.65,100,227,80,9,0,113
Rajdhani,Cloudy,0.46,84,751,125,28,0,115
Express,Foggy,0.13,31,278,100,27,0,74
Rajdhani,Cloudy,0.87,85,985,135,22,0,122
Passenger,Cloudy,0.41,41,122,65,19,0,69
Shatabdi,Cloudy,0.85,22,496,105,11,0,55
Rajdhani,Clear,0.63,17,1111,125,1,0,27
Express,Foggy,0.19,39,398,95,1,0,56
Shatabdi,Foggy,0.78,44,475,100,20,0,96
Rajdhani,Foggy,0.06,83,1011,135,24,1,133
Shatabdi,Stormy,0.78,116,415,120,11,0,165
Passenger,Clear,0.76,54,186,65,27,0,97
Passenger,Cloudy,0.51,78,166,65,1,0,86
Passenger,Rainy,0.43,86,125,50,17,0,116
Rajdhani,Rainy,0.32,4,714,130,23,1,71
Shatabdi,Stormy,0.14,93,337,115,13,0,124
Express,Stormy,0.56,5,239,90,11,1,83
Shatabdi,Foggy,0.51,92,320,110,29,0,140
Express,Rainy,0.7,95,240,95,30,1,162
Passenger,Stormy,0.51,109,112,50,11,0,149
Express,Rainy,0.5,5,509,95,29,0,55
Express,Rainy,0.29,76,525,90,3,0,82
Shatabdi,Stormy,0.31,91,455,115,18,0,135
Rajdhani,Stormy,0.06,43,927,130,26,0,94
Express,Stormy,0.68,86,399,90,12,1,156
Passenger,Clear,0.24,67,144,60,9,0,76
Express,Stormy,0.58,79,380,100,13,0,132
Passenger,Stormy,0.72,30,146,70,4,0,80
Shatabdi,Stormy,0.31,110,340,115,17,0,151
Passenger,Rainy,0.74,80,77,60,16,0,115
Rajdhani,Foggy,0.31,118,1060,125,29,0,165
Express,Clear,0.4,83,414,95,13,0,97
Shatabdi,Stormy,0.56,52,305,110,19,0,110
Shatabdi,Rainy,0.07,76,467,115,17,0,93
Express,Cloudy,0.47,91,302,90,4,0,99
Rajdhani,Foggy,0.27,77,1054,125,25,0,116
Passenger,Cloudy,0.27,92,67,50,23,1,146
Rajdhani,Foggy,0.11,53,866,140,3,0,66
Shatabdi,Rainy,0.78,106,485,100,11,0,138
Rajdhani,Foggy,0.76,13,749,130,24,0,78
Express,Rainy,0.42,43,272,85,25,0,86
Shatabdi,Foggy,0.86,62,492,105,24,0,118
Rajdhani,Rainy,0.56,76,636,125,4,0,91
Passenger,Cloudy,0.56,39,171,65,21,0,82
Express,Stormy,0.31,49,331,85,0,0,80
Shatabdi,Rainy,0.38,65,490,120,12,0,88
Passenger,Stormy,0.39,110,174,55,27,0,168
Express,Cloudy,0.3,99,573,80,20,0,120
Shatabdi,Stormy,0.86,94,351,110,21,1,175
Shatabdi,Clear,0.45,66,363,105,8,0,78
Rajdhani,Cloudy,0.09,77,872,140,8,1,95
Express,Cloudy,0.58,74,444,95,3,0,86
Shatabdi,Cloudy,0.48,56,321,115,6,1,88
Passenger,Stormy,0.06,55,78,65,24,0,111
Rajdhani,Clear,0.28,52,877,135,20,0,71
Passenger,Rainy,0.83,31,137,60,21,0,84
Express,Foggy,0.06,114,460,95,15,0,130
Passenger,Clear,0.88,56,137,70,26,0,109
Express,Rainy,0.5,40,592,100,15,1,91
Express,Rainy,0.19,98,402,85,27,0,132
Rajdhani,Stormy,0.76,99,875,125,29,0,163
Passenger,Rainy,0.45,54,194,65,24,0,101
Rajdhani,Rainy,0.63,17,1067,130,0,0,32
Passenger,Rainy,0.8,3,132,65,25,0,64
Express,Stormy,0.5,109,340,80,2,0,137
Rajdhani,Clear,0.75,49,1098,125,8,0,67
Shatabdi,Rainy,0.3,47,412,110,3,0,60
Shatabdi,Foggy,0.27,73,439,110,17,0,107
Passenger,Rainy,0.86,57,104,55,10,0,95
Passenger,Rainy,0.59,119,55,55,3,0,131
Shatabdi,Stormy,0.1,65,395,100,18,0,103
Passenger,Stormy,0.49,73,135,50,23,1,151
Shatabdi,Stormy,0.19,65,322,120,29,0,123
Shatabdi,Foggy,0.79,59,415,105,20,0,107
Rajdhani,Stormy,0.75,94,1042,120,12,0,140
Express,Stormy,0.66,41,472,95,20,0,108
Passenger,Stormy,0.19,98,87,55,9,0,137
Passenger,Rainy,0.89,84,103,55,9,0,118
Rajdhani,Stormy,0.78,11,779,140,29,0,94
Express,Clear,0.9,94,509,90,23,0,129
Shatabdi,Stormy,0.37,32,430,100,30,0,98
Passenger,Rainy,0.9,107,66,65,30,0,156
Rajdhani,Foggy,0.06,35,931,120,4,0,51
Rajdhani,Clear,0.11,102,814,130,11,0,102
Express,Stormy,0.92,94,542,85,11,0,144
Rajdhani,Cloudy,0.33,80,982,130,19,0,100
Rajdhani,Clear,0.71,18,1017,120,17,0,52
Express,Clear,0.06,114,314,80,13,0,111
Rajdhani,Stormy,0.45,109,600,130,15,0,149
Shatabdi,Foggy,0.49,106,446,105,4,0,122
Shatabdi,Foggy,0.3,78,326,105,7,0,100
Rajdhani,Stormy,0.52,73,873,125,10,0,116
Shatabdi,Foggy,0.62,101,350,105,0,1,135
Rajdhani,Foggy,0.82,24,1191,135,14,0,71
Rajdhani,Clear,0.72,83,1126,130,10,0,94
Rajdhani,Stormy,0.46,12,950,140,8,1,79
Express,Clear,0.25,58,256,80,17,0,74
Rajdhani,Foggy,0.55,120,684,140,5,0,137
Express,Stormy,0.82,67,224,100,11,0,118
Express,Stormy,0.25,119,584,85,17,0,162
Passenger,Clear,0.91,51,125,65,28,0,101
Passenger,Cloudy,0.7,38,50,50,8,0,67
Shatabdi,Clear,0.73,17,336,115,26,0,65
Express,Foggy,0.4,24,327,90,2,0,49
Express,Cloudy,0.45,86,341,90,0,0,88
Rajdhani,Cloudy,0.64,38,727,140,23,0,79
Passenger,Clear,0.39,114,115,50,20,0,138
Rajdhani,Rainy,0.25,13,690,140,30,0,58
Rajdhani,Foggy,0.43,81,707,130,26,0,123
Passenger,Foggy,0.65,32,141,50,0,1,88
Rajdhani,Cloudy,0.58,85,872,120,24,0,115
Rajdhani,Stormy,0.52,118,991,120,19,1,188
Shatabdi,Stormy,0.14,97,361,110,18,0,139
Rajdhani,Clear,0.36,100,1050,135,18,0,107
Rajdhani,Clear,0.24,23,624,130,3,0,25
Rajdhani,Rainy,0.37,87,952,130,30,0,125
Rajdhani,Rainy,0.74,20,814,140,24,0,72
Passenger,Cloudy,0.81,109,72,60,11,0,140
Express,Rainy,0.8,12,569,80,20,0,66
Rajdhani,Cloudy,0.29,90,1097,130,10,0,98
Shatabdi,Cloudy,0.57,116,429,120,9,0,124
Shatabdi,Cloudy,0.13,91,453,115,27,0,116
Rajdhani,Cloudy,0.88,13,900,140,18,0,56
Shatabdi,Cloudy,0.54,85,370,100,15,0,107
Express,Foggy,0.63,27,274,80,9,0,71
Express,Foggy,0.22,66,497,95,20,0,106
Passenger,Rainy,0.77,33,160,60,11,0,77
Passenger,Clear,0.91,17,132,55,25,0,74
Rajdhani,Stormy,0.33,103,833,130,22,0,146
Shatabdi,Foggy,0.61,63,451,115,2,0,83
Shatabdi,Rainy,0.48,90,337,100,21,0,126
Passenger,Clear,0.69,62,160,55,12,0,87
Passenger,Rainy,0.26,102,180,65,4,0,112
Shatabdi,Stormy,0.11,52,486,105,23,0,105
Shatabdi,Foggy,0.57,87,399,115,12,0,115
Shatabdi,Rainy,0.37,90,410,110,15,1,130
Passenger,Clear,0.36,96,74,70,8,1,119
Express,Clear,0.92,67,206,80,10,0,95
Express,Cloudy,0.62,63,293,100,6,0,75
Express,Foggy,0.69,112,595,85,16,1,165
Shatabdi,Rainy,0.89,13,389,105,18,0,69
Express,Stormy,0.88,120,432,100,26,0,184
Shatabdi,Rainy,0.27,18,361,115,6,0,42
Shatabdi,Stormy,0.13,83,382,120,18,0,123
Express,Rainy,0.34,57,590,85,9,0,78
Shatabdi,Foggy,0.07,13,382,120,15,0,55
Shatabdi,Stormy,0.8,24,322,110,28,0,107
Passenger,Clear,0.53,6,127,65,6,0,27
Rajdhani,Stormy,0.52,22,1120,130,21,0,84
Express,Foggy,0.24,81,513,80,1,0,90
Passenger,Clear,0.86,84,134,55,12,0,107
Shatabdi,Cloudy,0.18,31,459,110,28,0,69
Passenger,Cloudy,0.9,83,119,65,22,1,148
Express,Foggy,0.28,1,520,95,1,0,26
Express,Clear,0.62,14,281,95,2,0,26
Rajdhani,Rainy,0.53,36,1183,130,3,0,49
Express,Clear,0.55,63,302,85,16,0,87
Express,Clear,0.8,23,242,80,7,0,46
Rajdhani,Stormy,0.74,84,1115,125,24,0,143
Express,Rainy,0.82,32,289,90,14,0,76
Express,Rainy,0.51,28,294,85,10,0,57
Shatabdi,Cloudy,0.59,36,442,105,4,0,51
Shatabdi,Foggy,0.52,2,458,105,23,0,60
Shatabdi,Cloudy,0.06,0,444,100,26,0,38
Shatabdi,Stormy,0.54,2,466,115,29,0,78
Rajdhani,Foggy,0.87,30,1102,140,8,0,74
Express,Foggy,0.53,46,314,85,9,0,81
Passenger,Cloudy,0.09,52,188,55,12,1,88
Rajdhani,Foggy,0.85,58,1063,135,30,0,119
Rajdhani,Cloudy,0.7,26,851,125,22,0,68
Rajdhani,Stormy,0.83,101,1018,130,20,0,156
Rajdhani,Rainy,0.86,99,1022,120,6,0,120
Rajdhani,Stormy,0.44,120,1053,120,22,0,167
Express,Foggy,0.57,102,301,85,13,0,130
Rajdhani,Rainy,0.6,97,1143,120,21,1,149
Passenger,Cloudy,0.72,27,128,50,11,0,61
Express,Rainy,0.32,102,487,85,28,0,137
Rajdhani,Cloudy,0.56,80,1080,130,22,0,106
Express,Foggy,0.14,5,269,95,15,0,49
Rajdhani,Stormy,0.56,57,620,135,30,0,123
Shatabdi,Rainy,0.11,17,459,110,21,0,55
Passenger,Rainy,0.69,100,71,60,19,0,138
Rajdhani,Cloudy,0.38,32,796,140,8,0,43
Express,Rainy,0.29,55,372,80,8,0,77
Shatabdi,Rainy,0.55,16,459,100,23,0,63
Rajdhani,Foggy,0.4,88,876,135,10,0,121
Rajdhani,Foggy,0.69,16,954,130,17,0,64
Rajdhani,Clear,0.77,116,926,140,28,1,166
Express,Clear,0.83,1,570,80,23,0,54
Express,Stormy,0.61,111,435,90,25,0,170
Express,Cloudy,0.88,118,241,85,2,0,124
Express,Cloudy,0.09,10,398,90,20,0,38
Rajdhani,Stormy,0.69,60,894,140,27,0,125
Shatabdi,Cloudy,0.93,33,336,120,18,0,76
Shatabdi,Cloudy,0.22,41,493,105,5,0,50
Rajdhani,Stormy,0.63,27,1036,130,26,0,102
Passenger,Cloudy,0.11,8,176,60,28,0,50
Shatabdi,Foggy,0.06,95,472,100,10,0,115
Shatabdi,Stormy,0.29,107,381,115,11,0,139
Rajdhani,Rainy,0.54,95,794,125,18,0,124
Rajdhani,Rainy,0.88,108,1012,135,27,0,151
Rajdhani,Foggy,0.9,111,742,130,12,0,146
Shatabdi,Foggy,0.76,84,344,105,18,0,128
Express,Clear,0.5,20,355,100,8,0,38
Rajdhani,Foggy,0.9,20,1099,120,11,0,64
Rajdhani,Stormy,0.31,30,1131,135,25,0,88
Express,Rainy,0.62,87,516,95,19,1,139
Passenger,Cloudy,0.38,60,66,50,14,0,90
Rajdhani,Rainy,0.55,73,939,125,28,1,133
Express,Stormy,0.6,104,327,95,18,0,149
Shatabdi,Foggy,0.73,79,382,100,16,0,126
Passenger,Clear,0.45,99,99,60,22,1,141
Passenger,Rainy,0.79,61,193,55,25,0,116
Express,Stormy,0.59,37,575,80,23,0,105
Express,Foggy,0.43,104,205,90,8,0,128
Passenger,Foggy,0.75,18,164,65,17,0,75
Passenger,Foggy,0.3,90,166,60,5,0,108
Rajdhani,Rainy,0.18,106,984,140,0,0,101
Passenger,Stormy,0.8,4,122,60,18,0,70
Express,Foggy,0.11,8,271,85,3,0,34
Passenger,Rainy,0.35,52,137,50,15,0,81
Rajdhani,Cloudy,0.54,11,812,135,5,1,55
Express,Clear,0.63,71,212,80,20,0,99
Express,Cloudy,0.5,41,398,95,0,0,52
Shatabdi,Clear,0.23,4,353,105,18,0,30
Passenger,Stormy,0.86,21,151,55,4,0,75
Rajdhani,Cloudy,0.8,96,862,130,6,0,106
Passenger,Foggy,0.08,77,181,65,6,0,92
Passenger,Cloudy,0.85,104,127,60,14,1,154
Passenger,Cloudy,0.51,39,53,55,26,0,82
Rajdhani,Rainy,0.46,50,769,135,15,0,80
Shatabdi,Clear,0.82,79,312,100,30,0,119
Express,Foggy,0.72,47,238,90,13,0,90
Shatabdi,Rainy,0.18,58,352,100,29,0,96
Express,Foggy,0.83,74,555,100,8,0,112
Express,Cloudy,0.11,86,393,80,1,0,84
Shatabdi,Stormy,0.86,84,316,110,22,0,147
Shatabdi,Rainy,0.92,24,360,115,25,1,107
Rajdhani,Stormy,0.91,62,837,120,9,0,114
Rajdhani,Stormy,0.2,84,980,140,17,1,144
Express,Stormy,0.41,59,377,90,4,0,98
Rajdhani,Rainy,0.92,11,859,125,10,0,56
Express,Clear,0.36,117,520,85,19,0,134
Express,Cloudy,0.79,50,241,95,28,1,118
Shatabdi,Stormy,0.05,119,440,105,23,0,160
Shatabdi,Rainy,0.71,102,395,120,29,0,148
Passenger,Foggy,0.67,13,107,65,4,0,53
Shatabdi,Stormy,0.77,63,336,100,22,0,126
Express,Stormy,0.62,104,297,80,0,1,153
Shatabdi,Clear,0.28,15,408,110,21,0,46
Rajdhani,Rainy,0.24,54,1089,140,18,1,98
Passenger,Rainy,0.08,89,171,65,24,0,120
Rajdhani,Clear,0.39,62,688,135,8,0,67
Express,Stormy,0.94,4,365,90,17,0,80
Rajdhani,Clear,0.06,16,628,140,14,1,45
Rajdhani,Stormy,0.64,6,859,140,3,0,54
Passenger,Cloudy,0.09,76,134,65,3,0,76
Rajdhani,Cloudy,0.75,5,909,125,7,0,40
Express,Foggy,0.78,116,259,80,5,1,164
Passenger,Foggy,0.07,67,144,70,3,0,78
Rajdhani,Clear,0.11,33,966,135,12,0,38
Express,Foggy,0.64,69,391,100,8,0,102
Shatabdi,Cloudy,0.23,38,334,115,0,0,39
Passenger,Stormy,0.53,38,85,60,29,0,113
Rajdhani,Foggy,0.48,12,776,135,17,0,62
Express,Cloudy,0.82,18,589,80,15,0,53
Passenger,Cloudy,0.8,52,65,65,1,0,69
Express,Cloudy,0.48,101,460,95,20,0,125
Passenger,Foggy,0.75,55,57,65,2,0,93
Shatabdi,Rainy,0.3,35,418,110,9,0,63
Rajdhani,Stormy,0.49,96,1173,140,19,0,142
Shatabdi,Foggy,0.93,68,432,120,20,1,145
Express,Rainy,0.88,41,322,100,6,0,67
Rajdhani,Rainy,0.29,54,792,140,28,0,97
Express,Rainy,0.69,70,364,85,25,0,117
Passenger,Cloudy,0.24,101,136,55,28,0,132
Rajdhani,Rainy,0.89,58,1150,130,4,0,81
Rajdhani,Clear,0.11,103,860,135,14,0,104
Rajdhani,Cloudy,0.29,54,1101,140,3,0,54
Express,Clear,0.38,102,227,80,27,1,145
Express,Clear,0.88,87,416,85,1,0,98
Passenger,Stormy,0.7,36,160,55,7,0,92
Passenger,Cloudy,0.19,70,199,60,24,0,95
Express,Clear,0.56,78,338,95,3,1,106
Rajdhani,Stormy,0.2,22,825,130,3,1,75
Rajdhani,Foggy,0.24,12,683,135,22,0,56
Rajdhani,Stormy,0.36,2,1111,140,19,0,63
Express,Clear,0.59,89,549,95,5,0,94
Rajdhani,Rainy,0.27,37,836,135,19,0,67
Shatabdi,Foggy,0.69,2,399,120,11,0,46
Rajdhani,Foggy,0.13,32,956,125,8,0,56
Express,Clear,0.93,46,224,85,2,0,61
Shatabdi,Rainy,0.12,119,365,115,4,0,119
Express,Cloudy,0.42,21,466,80,7,0,42
Express,Rainy,0.54,120,416,85,7,1,149
Shatabdi,Foggy,0.55,47,485,105,4,0,74
Passenger,Stormy,0.78,64,179,50,12,1,146
Passenger,Foggy,0.27,22,78,55,5,0,54
Rajdhani,Cloudy,0.05,58,1141,135,21,0,75
Rajdhani,Stormy,0.37,77,1191,135,24,0,131
Shatabdi,Cloudy,0.12,47,376,100,19,0,67
Shatabdi,Rainy,0.49,96,304,105,13,0,120
Express,Rainy,0.41,18,208,85,28,0,70
Rajdhani,Rainy,0.84,59,733,135,30,1,136
Shatabdi,Rainy,0.47,49,467,115,2,0,62
Rajdhani,Clear,0.89,111,1090,120,11,0,125
Shatabdi,Clear,0.18,91,443,110,1,1,98
Shatabdi,Foggy,0.41,102,456,115,11,0,124
Shatabdi,Foggy,0.73,55,495,120,1,0,82
Shatabdi,Cloudy,0.89,48,384,115,23,0,90
Express,Clear,0.61,35,401,85,1,1,66
Express,Foggy,0.54,32,307,80,2,0,64
Express,Foggy,0.15,85,435,90,19,0,116
Passenger,Stormy,0.55,113,134,60,16,0,165
Passenger,Stormy,0.75,31,107,50,13,0,93
Rajdhani,Foggy,0.1,75,907,130,3,0,86
Express,Cloudy,0.47,19,250,100,16,0,51
Passenger,Rainy,0.12,20,173,50,24,0,66
Rajdhani,Cloudy,0.42,3,941,130,3,0,23
Express,Foggy,0.44,30,346,85,19,0,76
Rajdhani,Clear,0.14,10,608,125,17,0,37
Express,Clear,0.05,22,216,85,9,0,29
Passenger,Stormy,0.13,21,129,60,3,1,81
Express,Cloudy,0.86,105,451,80,8,0,126
Passenger,Cloudy,0.11,77,116,55,20,0,99
Express,Rainy,0.08,109,373,85,22,0,126
Passenger,Rainy,0.64,104,152,65,25,0,148
Rajdhani,Cloudy,0.68,4,681,120,18,0,43
Passenger,Stormy,0.27,61,161,65,3,0,97
Passenger,Cloudy,0.86,83,58,60,5,0,103
Passenger,Foggy,0.22,63,168,65,25,0,109
Passenger,Foggy,0.64,117,195,55,0,0,135
Shatabdi,Foggy,0.84,42,337,100,28,1,127
Passenger,Cloudy,0.7,53,59,50,20,0,91
Passenger,Clear,0.14,98,178,55,6,1,124
Passenger,Stormy,0.4,67,100,65,24,0,131
Passenger,Stormy,0.95,58,61,60,10,1,137
Express,Rainy,0.8,28,430,90,9,0,67
Rajdhani,Rainy,0.05,29,641,125,30,0,72
Rajdhani,Clear,0.5,93,913,140,21,1,133
Shatabdi,Cloudy,0.88,49,443,110,5,0,66
Shatabdi,Rainy,0.63,61,305,100,4,0,83
Passenger,Rainy,0.42,115,159,55,23,0,147
Shatabdi,Clear,0.93,111,331,100,30,0,160
Passenger,Cloudy,0.15,57,136,50,16,0,81
Shatabdi,Foggy,0.65,35,321,110,25,1,112
Shatabdi,Stormy,0.77,101,496,100,2,0,135
Express,Foggy,0.94,96,523,90,0,0,121
Shatabdi,Stormy,0.75,51,354,105,6,0,98
Shatabdi,Cloudy,0.8,119,499,115,17,0,140
Express,Clear,0.08,24,201,100,11,1,56
Passenger,Foggy,0.72,0,130,65,2,1,54
Shatabdi,Stormy,0.17,63,441,120,23,0,116
Express,Rainy,0.53,54,350,80,27,1,115
Shatabdi,Stormy,0.38,63,378,110,13,1,130
Shatabdi,Cloudy,0.89,77,453,100,11,1,122
Express,Stormy,0.77,29,225,90,9,0,85
Shatabdi,Stormy,0.89,111,476,120,9,0,155
Rajdhani,Clear,0.33,112,1030,120,21,0,127
Shatabdi,Stormy,0.05,114,422,100,15,0,145
Express,Stormy,0.9,114,326,80,10,0,164
Shatabdi,Clear,0.47,93,481,105,5,0,101
Express,Foggy,0.05,66,339,100,25,0,108
Express,Clear,0.44,78,541,95,6,0,83
Rajdhani,Stormy,0.31,31,727,135,8,0,69
Rajdhani,Stormy,0.22,32,731,140,5,0,59
Express,Cloudy,0.72,93,236,95,4,0,103
Shatabdi,Cloudy,0.7,106,478,100,13,1,143
Shatabdi,Rainy,0.34,52,396,120,21,0,91
Express,Cloudy,0.4,24,540,85,15,0,51
Shatabdi,Foggy,0.47,7,500,100,23,0,61
Passenger,Cloudy,0.31,22,159,50,15,0,52
Passenger,Rainy,0.63,57,101,60,26,0,108
Express,Foggy,0.86,2,599,85,20,0,66
Shatabdi,Rainy,0.7,66,365,100,8,0,92
Rajdhani,Clear,0.11,113,709,125,28,0,135
Express,Foggy,0.93,0,276,80,10,0,56
Passenger,Clear,0.48,23,77,60,23,0,56
Express,Foggy,0.65,77,489,100,11,1,132
Express,Rainy,0.09,43,382,95,24,0,76
Shatabdi,Clear,0.14,114,335,105,13,0,112
Shatabdi,Clear,0.66,70,412,105,7,0,81
Passenger,Clear,0.88,52,80,60,20,0,93
Passenger,Cloudy,0.6,11,114,70,17,0,51
Rajdhani,Rainy,0.54,84,606,135,26,0,117
Express,Stormy,0.3,54,556,90,29,0,117
Shatabdi,Clear,0.93,73,305,110,6,0,84
Express,Cloudy,0.79,25,267,90,14,1,80
Shatabdi,Clear,0.7,92,352,110,20,0,117
Express,Foggy,0.39,21,391,80,17,0,70
Shatabdi,Cloudy,0.24,19,406,100,13,0,42
Passenger,Foggy,0.19,76,186,70,6,0,96
Rajdhani,Rainy,0.33,77,819,120,6,0,87
Shatabdi,Stormy,0.15,88,332,100,7,0,117
Rajdhani,Foggy,0.87,74,738,120,16,0,123
Shatabdi,Cloudy,0.54,10,386,120,17,1,63
Express,Clear,0.43,108,305,85,25,0,134
Express,Stormy,0.45,54,569,100,2,0,87
Passenger,Rainy,0.08,97,52,50,24,0,124
Shatabdi,Clear,0.67,61,325,115,25,0,97
Shatabdi,Cloudy,0.94,40,397,100,25,0,93
Passenger,Cloudy,0.13,104,87,70,21,0,122
Shatabdi,Cloudy,0.21,97,373,120,19,0,109
Rajdhani,Foggy,0.07,76,650,120,21,0,105
Passenger,Clear,0.38,66,120,70,4,0,73
Express,Rainy,0.51,41,389,80,11,0,68
Shatabdi,Stormy,0.69,80,420,100,13,0,127
Rajdhani,Stormy,0.37,2,1138,125,4,1,64
Shatabdi,Foggy,0.28,67,331,120,29,0,114
Express,Foggy,0.7,24,470,80,12,0,74
Passenger,Cloudy,0.52,82,128,65,9,0,97
Express,Rainy,0.7,108,470,95,6,1,149
Rajdhani,Clear,0.79,37,999,125,11,0,60
Shatabdi,Cloudy,0.41,29,484,110,10,0,46
Shatabdi,Clear,0.47,39,405,110,27,0,77
Shatabdi,Cloudy,0.71,47,361,120,22,0,83
Shatabdi,Rainy,0.08,87,463,100,27,0,115
Passenger,Cloudy,0.8,32,200,60,28,0,86
Express,Clear,0.13,91,507,95,16,0,98
Express,Foggy,0.25,51,529,90,7,1,96
Shatabdi,Clear,0.88,78,494,120,15,0,102
Rajdhani,Stormy,0.82,99,1165,140,28,1,186
Shatabdi,Clear,0.58,42,499,115,3,0,55
Shatabdi,Cloudy,0.67,42,420,115,8,0,67
Rajdhani,Clear,0.84,87,818,135,11,0,97
Shatabdi,Rainy,0.59,103,331,120,20,0,131
Express,Cloudy,0.41,61,375,80,18,1,110
Express,Stormy,0.59,18,237,85,14,0,76
Passenger,Clear,0.68,109,125,55,16,0,132
Passenger,Cloudy,0.49,50,159,65,30,0,94
Shatabdi,Clear,0.4,87,416,100,10,0,97
Passenger,Rainy,0.1,55,180,70,5,0,62
Rajdhani,Foggy,0.74,82,746,140,6,0,111
Shatabdi,Clear,0.27,114,441,100,25,0,132
Passenger,Cloudy,0.48,85,190,70,4,0,90
Shatabdi,Clear,0.14,47,415,100,19,0,71
Shatabdi,Rainy,0.31,23,304,115,8,0,37
Rajdhani,Stormy,0.57,48,903,140,20,0,106
Rajdhani,Clear,0.85,37,748,140,25,0,76
Shatabdi,Rainy,0.07,64,379,120,19,0,79
Rajdhani,Foggy,0.56,120,656,135,19,0,157
Rajdhani,Clear,0.46,53,631,135,5,0,60
Express,Rainy,0.65,77,385,85,28,0,134
Passenger,Clear,0.86,52,80,55,28,0,104
Express,Foggy,0.58,45,478,85,13,0,82
Rajdhani,Rainy,0.42,9,821,120,17,0,47
Express,Cloudy,0.78,40,492,90,29,0,90
Passenger,Foggy,0.54,30,200,60,27,0,93
Shatabdi,Cloudy,0.48,28,300,100,21,0,62
Rajdhani,Clear,0.95,14,996,140,6,1,68
Passenger,Clear,0.09,8,146,70,1,0,9
Shatabdi,Rainy,0.1,52,498,105,27,0,84
Rajdhani,Foggy,0.61,6,977,125,20,0,57
Rajdhani,Stormy,0.3,20,659,135,28,1,100
Express,Stormy,0.17,2,484,80,23,0,70
Rajdhani,Clear,0.93,72,668,130,0,0,81
Shatabdi,Cloudy,0.23,58,359,100,29,1,115
Express,Cloudy,0.36,51,255,95,17,0,75
Express,Clear,0.12,20,200,95,3,0,21
Passenger,Cloudy,0.47,69,196,60,12,1,109
Passenger,Rainy,0.29,6,93,70,10,1,57
Shatabdi,Clear,0.44,36,313,105,14,0,55
Rajdhani,Stormy,0.15,18,1074,135,21,0,75
Rajdhani,Stormy,0.53,23,704,125,8,0,70
Rajdhani,Stormy,0.44,97,1036,125,27,0,151
Express,Stormy,0.66,40,409,80,10,0,95
Rajdhani,Foggy,0.66,15,1064,135,22,1,97
Rajdhani,Stormy,0.75,18,615,130,24,1,109
Express,Cloudy,0.25,44,367,85,2,0,52
Shatabdi,Rainy,0.54,57,326,110,12,0,87
Express,Clear,0.93,17,367,100,12,0,52
Passenger,Cloudy,0.44,77,188,60,25,0,112
Express,Stormy,0.44,92,506,90,16,0,139
Passenger,Stormy,0.51,80,66,50,9,0,127
Shatabdi,Foggy,0.13,118,345,105,28,0,153
Express,Clear,0.89,57,340,95,24,1,121
Rajdhani,Foggy,0.6,63,993,140,4,0,87
Rajdhani,Cloudy,0.8,16,927,140,18,0,54
Shatabdi,Foggy,0.63,87,460,105,11,1,143
Rajdhani,Foggy,0.7,42,1067,140,1,1,85
Express,Rainy,0.82,34,328,85,29,0,94
Express,Rainy,0.79,78,350,85,20,0,129
Rajdhani,Cloudy,0.83,24,1159,140,29,1,93
Passenger,Cloudy,0.53,43,173,55,29,0,86
Passenger,Stormy,0.6,87,144,50,7,0,133
Shatabdi,Foggy,0.52,49,443,110,0,0,76
Passenger,Rainy,0.25,24,128,70,3,0,48
Express,Clear,0.23,106,560,90,18,0,119
Passenger,Cloudy,0.41,11,133,60,14,1,62
Express,Cloudy,0.38,113,309,95,15,0,129
Passenger,Clear,0.06,79,118,55,22,0,101
Shatabdi,Clear,0.75,22,416,115,19,0,58
Express,Foggy,0.06,46,266,85,27,0,93
Rajdhani,Cloudy,0.85,119,938,140,25,0,153
Passenger,Stormy,0.51,101,165,70,14,0,150
Passenger,Stormy,0.35,94,121,70,20,0,147
Passenger,Cloudy,0.5,38,80,50,25,0,79
Express,Clear,0.91,16,529,80,25,0,66
Passenger,Rainy,0.48,66,102,65,17,0,102
Passenger,Stormy,0.52,49,148,70,19,0,109
Express,Foggy,0.45,81,425,90,20,0,124
Express,Rainy,0.31,8,469,85,25,0,60
Shatabdi,Cloudy,0.22,8,332,105,19,1,57
Rajdhani,Clear,0.85,66,850,135,8,0,79
Passenger,Clear,0.53,98,170,65,16,0,119
Express,Rainy,0.48,41,333,90,17,0,77
Shatabdi,Rainy,0.18,11,430,115,12,0,39
Rajdhani,Clear,0.54,23,1050,120,20,0,47
Express,Stormy,0.64,23,214,90,5,0,72
Express,Foggy,0.84,12,575,95,25,0,77
Express,Cloudy,0.86,41,534,90,22,0,86
Passenger,Rainy,0.43,62,168,65,7,0,84
Shatabdi,Stormy,0.35,110,364,120,25,0,159
Shatabdi,Cloudy,0.85,77,449,115,0,0,84
Rajdhani,Stormy,0.87,92,715,125,15,0,146
Express,Cloudy,0.18,103,545,80,4,0,98
Shatabdi,Stormy,0.22,4,311,110,24,0,77
Rajdhani,Stormy,0.5,110,1182,135,11,0,148
Passenger,Stormy,0.37,30,186,65,29,1,129
Shatabdi,Cloudy,0.07,38,360,115,20,1,80
Passenger,Clear,0.46,44,91,55,27,0,87
Passenger,Clear,0.13,25,172,60,20,0,52
Express,Clear,0.57,60,242,85,21,0,89
Express,Cloudy,0.16,87,558,95,13,0,97
Shatabdi,Clear,0.15,51,326,105,29,0,79
Rajdhani,Cloudy,0.23,79,819,120,9,0,83
Shatabdi,Cloudy,0.46,112,470,110,24,0,135
Shatabdi,Stormy,0.66,80,434,105,29,0,147
Express,Rainy,0.95,44,569,95,26,0,108
Shatabdi,Cloudy,0.69,72,452,110,4,0,87
Shatabdi,Cloudy,0.92,15,336,110,6,0,45
Passenger,Foggy,0.33,118,83,55,27,1,182
Express,Foggy,0.26,63,342,80,5,0,89
Shatabdi,Foggy,0.26,16,372,120,20,0,56
Express,Clear,0.25,90,346,80,7,1,108
Rajdhani,Foggy,0.56,98,1062,130,13,0,126
Rajdhani,Stormy,0.66,44,980,130,13,0,99
Shatabdi,Cloudy,0.8,32,418,115,0,1,69
Shatabdi,Clear,0.24,103,488,115,17,0,111
Shatabdi,Foggy,0.2,66,310,120,0,0,81
Rajdhani,Clear,0.18,3,710,130,22,1,49
Rajdhani,Foggy,0.14,6,1073,125,10,1,57
Passenger,Foggy,0.32,102,152,55,3,0,116
Passenger,Foggy,0.43,54,114,65,0,0,78
Express,Stormy,0.41,105,425,90,26,0,158
Shatabdi,Rainy,0.58,67,361,105,22,0,104
Shatabdi,Rainy,0.92,80,450,100,24,1,145
Rajdhani,Foggy,0.16,32,638,120,23,0,75
Shatabdi,Stormy,0.73,109,481,110,18,1,181
Passenger,Stormy,0.79,118,151,70,16,0,173
Express,Foggy,0.58,87,261,95,12,0,122
Rajdhani,Clear,0.18,62,893,120,15,0,71
Express,Rainy,0.44,26,577,100,21,0,65
Shatabdi,Stormy,0.45,1,317,110,5,0,46
Shatabdi,Stormy,0.46,115,438,105,3,1,162
Passenger,Clear,0.81,115,189,50,7,0,133
Rajdhani,Cloudy,0.86,10,1055,120,23,0,61
Passenger,Stormy,0.08,105,68,70,29,0,155
Express,Clear,0.46,112,382,100,16,0,129
Shatabdi,Stormy,0.21,103,306,110,17,1,161
Shatabdi,Cloudy,0.81,48,444,100,9,0,68
Shatabdi,Cloudy,0.51,63,472,120,8,0,77
Express,Foggy,0.7,50,496,95,21,0,100
Express,Clear,0.28,101,245,100,13,1,127
Express,Cloudy,0.49,86,553,100,17,0,110
Rajdhani,Stormy,0.77,103,1007,125,9,0,146
Rajdhani,Foggy,0.54,92,871,140,13,1,140
Shatabdi,Foggy,0.06,71,386,100,12,1,117
Express,Foggy,0.3,69,264,80,16,0,102
Express,Stormy,0.09,55,270,90,12,0,93
Rajdhani,Clear,0.61,8,691,130,2,0,29
Express,Rainy,0.65,76,527,85,26,0,124
Express,Foggy,0.7,114,200,90,5,0,135
Shatabdi,Foggy,0.35,106,479,100,29,0,154
Passenger,Foggy,0.18,15,74,65,10,0,54
Passenger,Clear,0.76,53,152,50,15,0,85
Shatabdi,Stormy,0.16,33,452,120,18,0,82
Shatabdi,Foggy,0.47,70,337,100,8,1,115
Shatabdi,Cloudy,0.81,79,347,115,20,0,110
Express,Stormy,0.41,79,481,95,9,0,117
Shatabdi,Rainy,0.36,33,380,100,3,1,65
Express,Clear,0.81,99,444,90,7,0,111
Passenger,Clear,0.11,10,158,50,7,0,21
Rajdhani,Cloudy,0.43,31,1020,125,3,0,38
Shatabdi,Foggy,0.49,6,306,120,20,0,58
Passenger,Cloudy,0.09,117,146,65,21,0,138
Rajdhani,Foggy,0.5,6,934,135,8,0,38
Rajdhani,Foggy,0.36,114,629,140,14,0,134
Express,Cloudy,0.75,103,511,80,13,1,149
Rajdhani,Foggy,0.75,109,788,135,10,0,133
Passenger,Stormy,0.6,29,63,50,22,0,97
Shatabdi,Cloudy,0.19,23,495,115,13,0,40
Passenger,Foggy,0.17,40,67,65,0,1,73
Shatabdi,Clear,0.39,109,428,110,17,0,121
Rajdhani,Foggy,0.69,71,730,125,27,1,148
Passenger,Foggy,0.89,114,53,60,14,1,182
Express,Foggy,0.12,93,256,85,1,0,97
Rajdhani,Rainy,0.26,44,995,140,1,0,46
Express,Rainy,0.94,65,289,90,4,1,115
Passenger,Rainy,0.38,96,118,50,1,0,106
Passenger,Rainy,0.64,43,87,55,27,0,92
Rajdhani,Rainy,0.74,78,1103,140,23,0,114
Rajdhani,Cloudy,0.27,37,770,135,5,1,67
Rajdhani,Cloudy,0.79,114,1086,130,22,1,163
Shatabdi,Stormy,0.76,31,310,110,10,0,83
Express,Rainy,0.7,64,274,90,19,0,104
Passenger,Clear,0.08,117,76,70,2,0,105
Passenger,Stormy,0.86,107,158,60,5,0,148
Passenger,Rainy,0.29,6,186,55,26,0,53
Express,Foggy,0.68,70,254,80,20,0,126
Passenger,Cloudy,0.63,15,87,70,14,0,48
Rajdhani,Stormy,0.56,54,1200,140,16,0,105
Passenger,Foggy,0.57,17,172,50,8,0,62
Express,Clear,0.78,110,573,100,17,0,132
Passenger,Cloudy,0.86,106,192,55,18,0,140
Shatabdi,Cloudy,0.93,82,468,120,15,1,133
Express,Stormy,0.83,118,225,100,17,0,169
Shatabdi,Clear,0.22,22,300,100,2,0,25
Shatabdi,Clear,0.87,65,461,120,21,0,100
Shatabdi,Rainy,0.22,49,323,110,1,0,53
Passenger,Cloudy,0.63,10,200,70,24,1,76
Express,Cloudy,0.33,52,501,90,26,0,86
Express,Clear,0.38,104,342,90,30,0,130
Passenger,Clear,0.86,5,161,65,28,0,59
Shatabdi,Foggy,0.87,38,322,100,22,0,92
Passenger,Clear,0.41,104,118,70,15,1,140
Express,Foggy,0.43,25,350,100,4,0,56
Rajdhani,Cloudy,0.4,58,615,140,7,0,66
Shatabdi,Foggy,0.53,87,469,115,25,0,132
Rajdhani,Cloudy,0.38,108,679,140,14,0,118
Express,Foggy,0.06,10,483,80,24,0,60
Express,Clear,0.76,46,371,100,10,0,65
Passenger,Clear,0.65,17,174,60,12,0,50
Express,Rainy,0.13,91,503,95,30,1,145
Rajdhani,Rainy,0.51,9,1060,120,25,0,62
Express,Clear,0.79,44,548,90,11,0,73
Express,Clear,0.81,18,264,90,15,0,55
Rajdhani,Cloudy,0.88,115,950,135,8,0,128
Express,Rainy,0.81,60,290,100,5,0,91
Passenger,Clear,0.1,62,183,70,5,0,61
Shatabdi,Cloudy,0.94,9,399,120,29,0,70
Shatabdi,Stormy,0.38,0,456,105,27,0,73
Rajdhani,Clear,0.72,5,971,125,30,0,59
Shatabdi,Foggy,0.11,55,451,110,21,1,114
Shatabdi,Stormy,0.57,39,443,110,22,0,104
Rajdhani,Foggy,0.58,73,818,135,11,1,126
Shatabdi,Stormy,0.76,65,336,115,6,0,111
Shatabdi,Clear,0.28,5,339,110,24,0,41
Express,Clear,0.47,37,309,90,14,0,68
Passenger,Cloudy,0.43,7,153,60,17,0,42
Express,Rainy,0.85,119,477,100,6,0,142
Express,Foggy,0.88,102,522,90,12,0,141
Shatabdi,Foggy,0.78,118,370,100,12,0,152
Passenger,Foggy,0.19,72,96,50,19,1,130
Passenger,Clear,0.65,76,76,55,3,0,88
Shatabdi,Cloudy,0.35,37,480,115,21,0,67
Shatabdi,Foggy,0.7,47,359,110,26,0,111
Express,Foggy,0.86,100,489,90,27,0,161
Shatabdi,Clear,0.34,43,354,105,29,0,80
Passenger,Clear,0.44,5,176,50,24,0,42
Shatabdi,Rainy,0.69,75,472,110,20,1,127
Shatabdi,Clear,0.06,50,373,120,6,0,51
Shatabdi,Rainy,0.36,120,308,105,13,1,154
Passenger,Stormy,0.87,28,136,70,19,0,104
Express,Rainy,0.67,43,275,80,11,0,73
Rajdhani,Stormy,0.9,1,619,135,18,0,70
Rajdhani,Foggy,0.29,99,847,135,16,0,127
Express,Cloudy,0.56,36,357,100,22,0,72
Shatabdi,Foggy,0.49,48,494,105,10,0,78
Shatabdi,Clear,0.49,48,380,110,4,0,54
Passenger,Cloudy,0.57,80,97,70,22,0,112
Passenger,Clear,0.11,94,58,70,1,0,83
Rajdhani,Stormy,0.28,1,755,120,2,0,39
Shatabdi,Rainy,0.86,42,416,110,24,0,96
Rajdhani,Rainy,0.82,110,790,120,5,0,128
Express,Foggy,0.09,107,323,95,21,0,138
Passenger,Stormy,0.22,32,168,65,28,1,118
Passenger,Cloudy,0.25,96,190,50,5,0,102
Express,Clear,0.37,116,468,80,16,0,128
Passenger,Stormy,0.14,13,78,70,13,0,59
Shatabdi,Stormy,0.84,72,491,115,22,0,131
Rajdhani,Stormy,0.52,90,651,130,29,0,151
Express,Clear,0.54,48,511,85,16,0,74
Passenger,Rainy,0.92,39,63,50,16,1,112
Shatabdi,Clear,0.21,27,457,110,17,1,70
Shatabdi,Clear,0.43,46,447,120,22,0,74
Shatabdi,Cloudy,0.93,35,482,105,7,0,60
Passenger,Cloudy,0.68,13,112,60,22,0,57
Shatabdi,Foggy,0.28,25,300,100,11,0,66
Rajdhani,Foggy,0.46,50,1198,120,19,0,93
Shatabdi,Foggy,0.32,110,455,100,27,0,160
Express,Clear,0.9,3,334,85,26,0,57
Rajdhani,Foggy,0.2,72,683,125,30,1,137
Passenger,Foggy,0.55,47,156,65,14,0,89
Express,Clear,0.56,102,401,90,11,1,136
Passenger,Rainy,0.64,56,160,65,6,0,84
Express,Stormy,0.43,1,354,100,12,0,55
Shatabdi,Clear,0.32,18,365,105,25,0,49
Passenger,Rainy,0.66,12,181,70,20,0,66
Shatabdi,Stormy,0.89,18,463,105,23,0,95
Passenger,Cloudy,0.23,43,111,55,23,0,76
Express,Cloudy,0.27,25,217,85,2,1,54
Passenger,Rainy,0.38,59,149,70,21,0,95
Passenger,Rainy,0.9,46,111,65,11,0,85
Rajdhani,Clear,0.44,115,887,125,2,0,102
Passenger,Stormy,0.13,43,97,65,19,1,117
Rajdhani,Foggy,0.32,57,786,120,27,0,102
Shatabdi,Rainy,0.21,15,373,100,21,0,55
Express,Cloudy,0.9,104,259,90,24,0,139
Shatabdi,Foggy,0.56,28,468,115,7,1,84
Passenger,Cloudy,0.18,15,70,60,23,0,47
Passenger,Rainy,0.72,22,160,70,25,0,75
Rajdhani,Clear,0.15,24,767,120,22,0,50
Rajdhani,Foggy,0.46,73,1040,135,21,0,109
Shatabdi,Rainy,0.87,82,311,110,26,0,130
Shatabdi,Rainy,0.34,66,468,100,1,1,93
Passenger,Cloudy,0.34,84,99,50,13,1,124
Express,Foggy,0.53,80,555,80,15,0,121
Express,Foggy,0.61,44,563,85,16,0,84
Express,Stormy,0.7,109,448,85,11,1,172
Express,Cloudy,0.18,19,527,95,7,0,28
Express,Clear,0.31,109,442,85,25,0,128
Shatabdi,Stormy,0.37,4,420,115,2,0,46
Express,Foggy,0.6,100,261,100,25,0,150
Shatabdi,Clear,0.49,19,401,100,11,0,43
Express,Clear,0.92,63,541,95,29,0,114
Passenger,Foggy,0.73,16,87,55,30,0,91
Express,Stormy,0.07,13,586,100,9,0,50
Express,Cloudy,0.21,45,407,80,12,0,61
Shatabdi,Foggy,0.27,114,462,115,27,0,152
Rajdhani,Rainy,0.14,30,606,135,21,0,64
Passenger,Cloudy,0.06,84,68,55,24,0,108
Passenger,Foggy,0.26,106,171,60,12,1,158
Shatabdi,Rainy,0.34,72,318,105,29,0,114
Passenger,Clear,0.56,85,73,70,23,0,115
Express,Clear,0.48,0,270,80,8,0,22
Shatabdi,Cloudy,0.33,120,351,120,7,0,112
Rajdhani,Foggy,0.53,82,1064,135,1,0,98
Express,Foggy,0.49,61,318,80,25,0,115
Rajdhani,Clear,0.46,43,1190,140,17,0,65
Express,Cloudy,0.9,87,492,90,6,1,126
Passenger,Cloudy,0.26,18,61,55,3,0,31
Passenger,Foggy,0.78,34,122,70,20,0,97
Shatabdi,Clear,0.18,71,418,115,9,0,75
Rajdhani,Rainy,0.57,75,1060,130,28,0,117
Passenger,Foggy,0.67,4,115,60,1,1,57
Express,Foggy,0.23,75,578,95,8,0,96
Passenger,Cloudy,0.56,48,107,60,6,1,87
Shatabdi,Cloudy,0.38,14,341,120,5,0,32
Express,Clear,0.82,78,348,100,19,0,109
Passenger,Foggy,0.64,31,126,60,24,0,94
Passenger,Clear,0.76,39,81,65,18,0,78
Express,Rainy,0.3,57,345,85,18,0,91
Express,Cloudy,0.25,75,368,100,13,1,112
Express,Stormy,0.65,68,528,100,18,0,123
Shatabdi,Clear,0.95,97,446,115,4,1,131
Passenger,Stormy,0.36,36,155,60,10,0,88
Express,Clear,0.27,5,354,90,18,0,28
Shatabdi,Clear,0.18,94,391,100,4,0,87
Passenger,Stormy,0.69,50,98,60,18,0,116
Shatabdi,Stormy,0.9,103,320,120,19,0,160
Passenger,Foggy,0.4,10,68,55,29,0,66
Passenger,Cloudy,0.22,52,90,55,1,0,55
Express,Rainy,0.42,83,255,80,9,0,102
Rajdhani,Stormy,0.8,4,1165,130,22,0,78
Shatabdi,Cloudy,0.85,83,322,115,14,0,106
Shatabdi,Rainy,0.24,40,314,105,7,0,59
Shatabdi,Cloudy,0.2,71,456,110,13,0,75
Express,Cloudy,0.23,66,278,100,25,0,92
Rajdhani,Stormy,0.94,27,809,120,7,1,99
Rajdhani,Clear,0.71,15,1038,135,11,0,40
Passenger,Rainy,0.27,95,64,55,8,0,109
Express,Cloudy,0.71,71,594,90,26,0,111
Express,Clear,0.16,37,434,80,30,0,74
Shatabdi,Clear,0.46,20,341,105,9,1,57
Rajdhani,Rainy,0.64,69,1073,120,26,0,115
Passenger,Rainy,0.42,79,96,60,1,0,93
Rajdhani,Cloudy,0.76,60,751,130,16,0,91
Passenger,Foggy,0.4,68,122,60,29,0,123
Rajdhani,Stormy,0.74,9,790,120,4,1,81
Express,Rainy,0.93,70,412,100,1,0,93
Rajdhani,Rainy,0.67,102,830,140,4,0,114
Passenger,Rainy,0.21,40,78,65,3,0,52
Rajdhani,Rainy,0.27,71,1065,125,5,1,102
Shatabdi,Foggy,0.21,86,382,110,18,0,114
Shatabdi,Rainy,0.5,66,427,120,19,0,97
Shatabdi,Cloudy,0.06,47,457,115,24,0,69
Passenger,Cloudy,0.76,57,177,60,19,0,93
Express,Cloudy,0.9,76,579,90,13,0,105
Express,Rainy,0.56,2,414,80,28,0,60
Express,Clear,0.64,73,571,85,4,0,80
Rajdhani,Cloudy,0.09,75,925,130,24,0,94
Express,Foggy,0.65,103,278,95,5,0,131
Express,Clear,0.44,9,371,90,19,0,43
Shatabdi,Cloudy,0.23,13,357,120,24,0,43
Express,Cloudy,0.11,82,242,85,27,0,109
Shatabdi,Rainy,0.53,111,411,120,13,0,127
Shatabdi,Foggy,0.33,39,492,105,26,0,93
Rajdhani,Cloudy,0.8,66,935,135,20,0,102
Passenger,Clear,0.59,92,83,55,9,0,105
Rajdhani,Cloudy,0.21,24,787,120,9,0,35
Shatabdi,Rainy,0.71,120,430,120,24,0,159
Rajdhani,Stormy,0.6,78,884,140,22,0,134
